#Column	usrid	(I7)	User Table identifier	(cross_match.usrid)	"[""""]"	[meta.id]	
#Column	separation	(F9.2)	Distance from master source to user source	(cross_match.separation)	"[""arcsec""]"	[pos.angDistance]	
#Column	probability	(F9.2)	Probability that master source and user source are a match	(cross_match.probability)	"[""""]"	[stat.probability]	
#Column	name	(A22)	Source name in the format '2CXO Jhhmmss.s{+|-}ddmmss[X]'	(master_source.name)	"[""""]"	[]	
#Column	acis_time	(F9.1)	Total livetime for all ACIS imaging observations contributing to the Master Sources Table record of the source	(master_source.acis_time)	"[""s""]"	[]	
#Column	acis_num	(I4)	Total number of ACIS imaging observations contributing to the Master Sources Table record of the source	(master_source.acis_num)	"[""""]"	[]	
#Column	hrc_num	(I4)	Total number of HRC imaging observations contributing to the Master Sources Table record of the source	(master_source.hrc_num)	"[""""]"	[]	
#Column	hrc_time	(F9.1)	Total livetime for all HRC imaging observations contributing to the Master Sources Table record of the source	(master_source.hrc_time)	"[""s""]"	[]	
usrid	separation	probability	name	acis_time	acis_num	hrc_num	hrc_time
1	1.67	0	2CXO J095753.4+024735	49435.3	1	0	         
2	1.05	0.01	2CXO J163618.1+410038	73385.2	1	0	         
3	1.43	0.59	2CXO J222906.0-080251	7036.2	1	0	         
4	1.71	0	2CXO J082515.0+115752	5103.2	1	0	         
5	1.17	0	2CXO J151451.7+311654	4136.4	1	0	         
6	1.41	0	2CXO J095915.0+014926	244436.3	5	0	         
7	1.34	0.16	2CXO J004314.0-092145	9633.3	1	0	         
8	0.88	0.01	2CXO J125955.6+124153	38103.3	2	0	         
9	0.1	0.85	2CXO J151451.3+552602	70986.7	2	0	         
10	0.92	0.13	2CXO J003345.4-433930	29569.5	1	0	         
11	0.84	0.02	2CXO J003516.1-432451	55410.5	2	0	         
12	1.43	0	2CXO J032754.1+023342	115283.5	4	0	         
13	0.83	0.01	2CXO J105416.4+512326	4979.3	1	0	         
14	1.39	0	2CXO J100213.3+023351	194743.5	8	0	         
15	0.17	0.56	2CXO J105655.6-034030	89173.1	1	0	         
16	1.17	0	2CXO J145125.9+580840	49407.4	1	0	         
17	0.87	0.39	2CXO J104808.2+591914	136535.9	2	0	         
18	0.85	0	2CXO J214832.2+044215	7516.4	1	0	         
19	0.86	0.02	2CXO J173550.2+535307	5420.5	1	0	         
20	1.64	0	2CXO J084106.7+031206	1538.9	1	0	         
21	0.2	0.51	2CXO J234820.8+010024	23231.7	1	0	         
22	0.88	0.27	2CXO J122546.7+095519	5089.9	1	0	         
23	1.33	0.02	2CXO J213654.1+002029	24846.2	1	0	         
24	0.81	0.47	2CXO J103449.6+572544	78938.6	2	0	         
25	1.39	0	2CXO J141949.3+060654	9921.9	1	0	         
26	1.71	0	2CXO J085723.9+090348	3707.8	1	0	         
27	0.95	0	2CXO J105904.7+121023	4121.1	1	0	         
28	1.43	0	2CXO J100110.1+023242	185765.6	7	0	         
29	1.43	0.24	2CXO J161637.2+344552	20865.7	1	0	         
30	0.27	0.41	2CXO J100149.6+023853	189616.9	6	0	         
31	0.99	0	2CXO J145051.3-000129	25741.2	1	0	         
32	0.11	0.7	2CXO J094133.7+594811	4156.5	1	0	         
33	0.94	0	2CXO J115307.4+440219	49338.4	1	0	         
34	1.71	0	2CXO J011227.5-011221	5879.8	1	0	         
35	0.98	0.03	2CXO J025756.5+130831	48630.7	1	0	         
36	0.14	0.86	2CXO J033817.3-050544	59739.4	1	0	         
37	0.91	0	2CXO J123636.6+621346	1797266.2	17	0	         
38	1.29	0	2CXO J221527.2-161133	3120.2	1	0	         
39	0.21	0.81	2CXO J143528.0+350928	4708.2	1	0	         
40	0.94	0.11	2CXO J003424.3-432036	60284.5	2	0	         
41	1.64	0	2CXO J095846.9+023255	238893.9	5	0	         
42	0.93	0	2CXO J151106.4+054122	112348.5	4	0	         
43	1.67	0	2CXO J020039.1-084554	72717.2	3	0	         
44	1.35	0.55	2CXO J142939.0+353557	22801.6	3	0	         
45	0.91	0.31	2CXO J092913.1+380738	3987.3	1	0	         
46	0.94	0	2CXO J051100.5-220154	5294.4	1	0	         
47	1.31	0	2CXO J101956.5+274402	1468.6	1	0	         
48	0.28	0.41	2CXO J084136.3+130857	64377.6	2	0	         
49	0.05	0.88	2CXO J044213.2+020438	43631.4	1	0	         
50	0.99	0.29	2CXO J132531.8+301714	50402.1	2	0	         
51	0.98	0	2CXO J095834.2+022456	237261.1	5	0	         
52	1.55	0.01	2CXO J221414.0+135900	19892.8	1	0	         
53	1.78	0.15	2CXO J022631.3+002506	8657.1	1	0	         
54	0.87	0	2CXO J111518.5+531452	33632.9	3	0	         
55	0.2	0.55	2CXO J171520.1+601313	59339.8	2	0	         
56	0.97	0	2CXO J095852.2+120244	1559.7	1	0	         
57	0.15	0.77	2CXO J100311.3+014701	96002.5	3	0	         
58	0.13	0.66	2CXO J095831.6+022217	284253.4	6	0	         
59	0.85	0.51	2CXO J123849.9+530639	19804.1	1	0	         
60	1.5	0.01	2CXO J142857.9+344149	39218.8	3	0	         
61	0.08	0.81	2CXO J081839.0+313100	5962.7	1	0	         
62	1	0	2CXO J120913.6+433920	3018.1	1	0	         
63	0.96	0	2CXO J125131.8-262706	9920.6	1	0	         
64	1.55	0	2CXO J235939.7-250056	4710.7	1	0	         
65	1.65	0	2CXO J033208.2-274153	4893966.6	71	0	         
66	1.31	0	2CXO J145200.2+430348	55268.7	3	0	         
67	0.15	0.62	2CXO J161216.7+293423	4386	1	0	         
68	1.03	0	2CXO J131654.2+291322	111341.1	1	0	         
69	0.2	0.58	2CXO J033250.1-274135	4399162.1	64	0	         
70	1	0	2CXO J162453.5+375806	3993	1	0	         
71	1.63	0	2CXO J234738.6-280500	39586.5	2	0	         
72	0.99	0.01	2CXO J111450.7+570336	4714.4	1	0	         
73	0.88	0.42	2CXO J145230.2+425635	55265.6	3	0	         
74	1.3	0	2CXO J103027.0+052455	7952.4	1	0	         
75	0.12	0.8	2CXO J121537.4+471353	72728.1	1	0	         
76	0.76	0.1	2CXO J114333.4-004524	14137.6	1	0	         
77	1.44	0	2CXO J142800.6+350454	9031.1	2	0	         
78	1.11	0	2CXO J105303.7+572923	101634.1	3	1	124531.5
79	1.47	0	2CXO J100057.7+023932	236388.6	8	0	         
80	1.24	0	2CXO J142616.5+335326	19257.9	3	0	         
81	0.04	0.94	2CXO J095910.3+020732	191264.1	4	0	         
82	1.46	0.05	2CXO J145249.3+425315	17677.3	1	0	         
83	1.3	0.19	2CXO J112432.0+385103	17959.2	1	0	         
84	0.22	0.61	2CXO J000330.4-260121	29693.8	3	0	         
85	0.93	0.12	2CXO J222456.2+653130	95660.7	3	0	         
86	0.18	0.56	2CXO J011537.7+002029	37615.1	1	0	         
87	0.21	0.8	2CXO J143335.3+022718	3497.5	1	0	         
88	0.39	0.52	2CXO J033750.1-050817	59739.4	1	0	         
89	0.98	0	2CXO J091027.0+542055	171046.6	2	0	         
90	1.48	0.56	2CXO J232646.5+002617	8838.9	1	0	         
91	0.66	0.07	2CXO J123549.3+621537	1529315.2	14	0	         
92	0.91	0.31	2CXO J091736.1+113840	9985.7	1	0	         
93	0.38	0.68	2CXO J131212.9+215644	10931.6	1	0	         
94	0.08	0.79	2CXO J091039.8+542034	171046.6	2	0	         
95	1	0.19	2CXO J123726.3+620432	267916.8	3	0	         
96	1.47	0	2CXO J080523.2+281815	14272.3	1	0	         
97	0.8	0.02	2CXO J150721.0+554559	33727.8	1	0	         
98	0.16	0.58	2CXO J204812.1+070117	7950.8	1	0	         
99	0.99	0	2CXO J122527.4+223512	1557.3	1	0	         
100	1.49	0	2CXO J131208.6-010709	21486.2	1	0	         
101	0.78	0.02	2CXO J084827.3+445434	186619.7	2	0	         
102	1.43	0.05	2CXO J120017.0-011417	14858.9	1	0	         
103	1.4	0	2CXO J095808.8+021648	185995.8	4	0	         
104	0.14	0.64	2CXO J123622.9+621527	1797232	17	0	         
105	1.5	0	2CXO J133605.5+070718	24279.4	2	0	         
106	0.95	0.11	2CXO J100132.9+555906	15272.6	5	0	         
107	0.92	0.09	2CXO J104418.2+590642	71114.7	1	0	         
108	1.53	0.05	2CXO J142620.2+351711	19562.1	2	0	         
109	0.18	0.77	2CXO J093514.3+170944	49382.5	1	0	         
110	1.62	0	2CXO J123404.7-022627	5263.7	1	0	         
111	0.73	0.14	2CXO J082714.8+291211	14656.8	1	0	         
112	0.19	0.9	2CXO J125749.0+470604	63260.5	1	0	         
113	0.64	0.74	2CXO J114912.9+654614	7848.1	1	0	         
114	0.71	0.03	2CXO J003455.1-433544	33676.4	2	0	         
115	0.23	0.43	2CXO J084840.6+445733	186600.6	2	0	         
116	0.35	0.28	2CXO J100001.0+022321	238176	8	0	         
117	1.17	0	2CXO J033252.8-275120	5826096.8	84	0	         
118	0.26	0.68	2CXO J005843.8-273458	11768.8	1	0	         
119	0.05	0.92	2CXO J154012.9+304520	7982.2	1	0	         
120	0.49	0.13	2CXO J175911.9+663512	46058.9	1	0	         
121	0.91	0	2CXO J010522.5-715649	667479.3	78	2	29976.5
122	0.26	0.37	2CXO J121417.8+293143	5023.7	1	0	         
123	1.71	0	2CXO J135646.0+102608	19804.1	1	0	         
124	1.23	0.64	2CXO J121054.0+140928	5159.4	1	0	         
125	0.11	0.72	2CXO J091557.3+292618	19215.4	1	0	         
126	0.11	0.77	2CXO J112943.9-013752	4815	1	0	         
127	1.7	0.01	2CXO J135353.1-021557	37671.5	1	0	         
128	1.43	0.09	2CXO J135609.4+413717	2013.1	1	0	         
129	1.31	0	2CXO J074618.6+230623	6954	1	0	         
130	0.92	0.28	2CXO J122033.0-001433	19677.2	1	0	         
131	0.68	0.39	2CXO J112322.6+084806	9937.2	1	0	         
132	1.25	0.02	2CXO J111959.4+063641	15843.4	1	0	         
133	0.72	0.04	2CXO J114103.9-263047	39273	1	0	         
134	1.5	0.07	2CXO J122142.7+112412	5061.5	1	0	         
135	0.2	0.53	2CXO J153952.2+420356	8037.7	1	0	         
136	0.82	0.01	2CXO J110049.6+103841	26684.9	1	0	         
137	0.34	0.71	2CXO J094135.7+521318	5570.2	1	0	         
138	0.2	0.5	2CXO J084902.5+445706	186616.7	2	0	         
139	0.77	0.01	2CXO J144340.6+585653	5791.3	1	0	         
140	0.25	0.39	2CXO J100033.5+013811	148498	3	0	         
141	0.72	0.03	2CXO J042610.3-220217	4669.7	1	0	         
142	0.16	0.64	2CXO J053923.5-284223	44557.9	2	0	         
143	0.15	0.92	2CXO J142530.1+335217	19261.1	3	0	         
144	1.12	0	2CXO J162143.7+355534	11390.5	1	0	         
145	1.08	0	2CXO J143205.5+575516	4732.3	1	0	         
146	1.52	0.05	2CXO J022804.3+010657	1725.1	1	0	         
147	1.25	0.03	2CXO J091227.9+531545	18782.2	1	0	         
148	0.89	0.04	2CXO J003504.5-434106	53423.1	2	0	         
149	1.6	0	2CXO J101108.3+002908	4837.3	1	0	         
150	0.93	0	2CXO J033255.5-274751	5820073.1	83	0	         
151	1.08	0	2CXO J104748.7+592328	65396.6	1	0	         
152	1.28	0.35	2CXO J122506.4+483434	3108.9	1	0	         
153	0.95	0.21	2CXO J003335.3-433015	66186.7	2	0	         
154	1.5	0	2CXO J030044.3-003820	49543.8	1	0	         
155	1.38	0	2CXO J092014.0+453156	10047.1	1	0	         
156	0.17	0.55	2CXO J123629.4+621513	1797232	17	0	         
157	1.07	0	2CXO J080907.5+441641	1966.3	1	0	         
158	0.89	0.01	2CXO J140708.9+341231	19508.3	1	0	         
159	1.2	0	2CXO J160421.7+432354	46102.5	2	0	         
160	1.61	0	2CXO J120534.5-074121	38964.8	2	0	         
161	1.15	0.06	2CXO J160149.9+401715	8921.5	1	0	         
162	1.36	0.19	2CXO J082211.2+212229	29774.9	1	0	         
163	0.86	0	2CXO J100441.0+410943	201286.3	9	0	         
164	1.46	0	2CXO J120919.6+295729	38221.7	2	0	         
165	0.2	0.59	2CXO J123612.9+621929	1252309.8	11	0	         
166	1.64	0	2CXO J100013.6+013034	98989.3	2	0	         
167	0.66	0.03	2CXO J172858.1+603512	2480.7	1	0	         
168	0.92	0	2CXO J141540.0+112406	88861.9	1	0	         
169	0.88	0	2CXO J202206.7+613658	4784	1	0	         
170	0.96	0	2CXO J094629.6+545155	16019.6	1	0	         
171	0.34	0.42	2CXO J143651.5+343602	18352.5	4	0	         
172	1.44	0.05	2CXO J033444.2-010844	7944.4	1	0	         
173	0.29	0.31	2CXO J134440.2+555648	44193.4	1	0	         
174	1.56	0	2CXO J021429.2-051744	4034.7	1	0	         
175	0.27	0.56	2CXO J142414.1+421400	5881.8	1	0	         
176	1.15	0.07	2CXO J105307.3+571504	4698.1	1	1	124531.5
177	0.91	0	2CXO J152424.5+095829	50873.2	1	0	         
178	1.19	0	2CXO J001854.8+162952	67406.6	1	0	         
179	0.94	0.42	2CXO J145725.1+223131	7067.4	1	0	         
180	0.38	0.27	2CXO J112019.6+130320	49540.6	1	0	         
181	1.6	0.5	2CXO J002637.4+165953	6963.4	1	0	         
182	1.64	0.64	2CXO J162131.4+152940	15762.6	1	0	         
183	1.1	0	2CXO J095929.8+633359	1526	1	0	         
184	0.22	0.5	2CXO J152832.4+285751	4297.2	1	0	         
185	0.95	0	2CXO J142610.5+441124	15349.9	2	0	         
186	0.93	0	2CXO J095915.4+020058	194825.5	4	0	         
187	0.45	0.12	2CXO J132106.3+003714	17800.1	1	0	         
188	1.39	0	2CXO J033514.4-150606	4952.3	1	0	         
189	1.37	0	2CXO J002301.4-275238	6581.2	1	0	         
190	0.38	0.32	2CXO J023123.8+004426	17322.2	2	0	         
191	1.38	0	2CXO J133701.3-024630	4691.8	1	0	         
192	0.87	0.01	2CXO J162919.9+231919	9946.2	1	0	         
193	0.16	0.6	2CXO J100711.8+053209	1030	1	0	         
194	0.82	0.55	2CXO J083846.2+441923	19818.4	1	0	         
195	1.18	0	2CXO J104603.1+071907	9992.3	1	0	         
196	0.9	0.01	2CXO J232817.6+001946	8838.8	1	0	         
197	0.84	0.1	2CXO J125732.8+473223	37038.2	1	0	         
198	0.39	0.19	2CXO J144920.7+422101	4303.2	1	0	         
199	0.76	0.03	2CXO J100231.5+014256	144296.6	4	0	         
200	1.27	0.53	2CXO J081426.4+364712	19775	2	0	         
201	0.22	0.9	2CXO J134352.7-003452	9626.5	1	0	         
202	0.84	0	2CXO J095920.9+020031	194825.5	4	0	         
203	0.29	0.32	2CXO J091848.6+211717	2057.6	1	0	         
204	0.09	0.78	2CXO J090334.9+502819	17940.9	1	0	         
205	0.1	0.76	2CXO J044236.2+020326	43631.4	1	0	         
206	0.72	0.07	2CXO J105039.6+572336	14088.1	3	0	         
207	1.6	0	2CXO J034313.7+010336	7930.2	1	0	         
208	0.86	0.02	2CXO J123411.7+615832	6142	1	0	         
209	0.17	0.56	2CXO J083454.9+553421	105038.1	2	0	         
209	1.67	0.01	CXO J083455.0+553420X	105038.1	2	0	         
210	0.81	0.01	2CXO J100258.2+015908	244808.2	6	0	         
211	0.68	0.04	2CXO J003502.5-433419	33676.4	2	0	         
212	1.55	0	2CXO J135547.6+181957	50617	2	0	         
213	0.91	0	2CXO J130905.6+113802	3627.1	1	0	         
214	0.29	0.37	2CXO J021340.6+134756	3067.5	1	0	         
215	1.13	0.06	2CXO J142922.8+343030	64060.2	3	0	         
216	1.29	0	2CXO J084902.2+450004	186616.7	2	0	         
217	1	0	2CXO J212630.7-460547	6473.1	1	0	         
218	0.32	0.37	2CXO J112108.5+232151	71249.4	1	0	         
219	0.36	0.22	2CXO J150842.2+332805	31317	1	0	         
220	0.24	0.72	2CXO J093531.3+612902	49319.5	1	0	         
221	0.2	0.56	2CXO J103429.6+575217	150974.5	3	0	         
222	0.94	0	2CXO J004610.3+010643	11095.9	1	0	         
223	0.88	0.01	2CXO J100132.8+015759	244738.4	7	1	79298.9
224	1.06	0.08	2CXO J094951.0+580519	3904.2	1	0	         
225	1.14	0.12	2CXO J143228.3-005827	21415	1	0	         
226	0.97	0.05	2CXO J003630.4-433709	39752.6	2	0	         
227	0.3	0.37	2CXO J100022.7+024956	148573.8	4	0	         
228	0.36	0.3	2CXO J163909.1+282447	1542	1	0	         
229	0.96	0	2CXO J033151.8-280025	1076901.1	13	0	         
230	1.41	0.12	2CXO J093605.4+232604	4900.4	1	0	         
231	0.44	0.17	2CXO J095931.0+021332	235209.3	5	0	         
232	1.59	0	2CXO J133124.4+110051	30692.8	1	0	         
233	0.87	0.01	2CXO J145203.0+430542	55268.7	3	0	         
234	1.46	0	2CXO J093455.5+051409	5601.9	1	0	         
235	1.22	0.24	2CXO J143323.6+345444	9324.6	2	0	         
236	0.62	0.06	2CXO J093845.6+005926	1393.3	1	0	         
237	1.3	0	2CXO J095759.4+020436	95908.2	2	0	         
238	0.65	0.03	2CXO J125007.3+725228	4931.9	1	0	         
239	0.54	0.26	2CXO J171731.9+670934	51730.2	1	0	         
240	0.8	0.04	2CXO J143219.5+341728	9131.9	2	0	         
241	0.92	0	2CXO J085742.6-771931	4962.2	1	0	         
242	0.92	0.36	2CXO J022735.8+003524	9062.2	1	0	         
243	0.86	0.01	2CXO J135607.3+413615	2013.1	1	0	         
244	0.92	0	2CXO J114039.7-262844	39273	1	0	         
245	1.13	0.28	2CXO J105136.4+402431	4081.3	1	0	         
246	0.96	0	2CXO J142123.9+463318	27539.7	2	0	         
247	0.54	0.07	2CXO J114427.5+672203	3134.1	1	0	         
248	0.21	0.77	2CXO J143627.8+343417	9128.9	2	0	         
249	0.27	0.87	2CXO J142644.3+333053	44092.6	3	0	         
250	1.28	0	2CXO J010514.4+000226	14960.9	1	0	         
251	0.26	0.38	2CXO J111452.8+531531	38429.9	4	0	         
252	0.87	0	2CXO J083722.4+582501	3771.8	1	0	         
253	1.66	0	2CXO J100248.8+013854	49528.9	2	0	         
254	0.4	0.17	2CXO J214018.3-234056	91607.6	2	0	         
255	0.31	0.28	2CXO J083745.0+651335	3054.6	1	0	         
256	0.82	0	2CXO J015841.4-432503	104369.4	10	0	         
257	0.87	0.01	2CXO J095847.8+690532	30761.2	2	1	7141.5
258	0.21	0.51	2CXO J100231.9+023507	161860.6	7	0	         
259	1.69	0	2CXO J095755.4+022400	97420.4	2	0	         
260	0.84	0.21	2CXO J092905.4+282357	4983.9	1	0	         
261	1.55	0.14	2CXO J110653.3+035010	10031.3	1	0	         
262	0.32	0.34	2CXO J161344.9+283014	4982.5	1	0	         
263	1.02	0.38	2CXO J024403.5+011322	5737.6	1	0	         
264	0.35	0.31	2CXO J090948.6+105634	34459.6	2	0	         
265	1.04	0	2CXO J123704.6+621651	1797275.3	17	0	         
266	0.37	0.33	2CXO J233722.0+002239	26008.7	2	0	         
267	1.21	0	2CXO J133442.7+375914	55593.2	2	0	         
268	0.91	0.03	2CXO J125250.2-091528	127850.4	3	0	         
269	0.64	0.11	2CXO J083658.7+530950	6937.9	1	0	         
270	0.29	0.67	2CXO J204640.1-363148	3898.6	1	0	         
271	1.72	0.11	2CXO J023115.3+005141	8663.9	1	0	         
272	1.44	0	2CXO J100041.5+013658	148498	3	0	         
273	0.21	0.47	2CXO J000230.7+004959	5671	1	0	         
274	0.14	0.63	2CXO J144300.6+520137	14950.7	1	0	         
275	0.64	0.15	2CXO J103434.8+574215	231786.6	5	0	         
276	1.28	0	2CXO J121843.3+153617	1556.5	1	0	         
277	1.01	0	2CXO J161245.6+511816	3224.1	1	0	         
278	0.21	0.48	2CXO J104947.4+330026	18512.5	2	0	         
279	1.67	0	2CXO J014040.8-075848	10010.7	1	0	         
280	1.59	0	2CXO J100137.6+022843	278184.4	10	0	         
281	0.47	0.11	2CXO J022224.4+422138	169298.5	2	0	         
282	0.4	0.2	2CXO J102712.6+283123	9632.1	1	0	         
283	0.88	0.23	2CXO J100204.8+013355	93984	3	0	         
284	1.15	0.02	2CXO J125900.1-015619	4713.6	1	0	         
285	0.18	0.54	2CXO J123248.3+134945	4607.6	1	0	         
286	1.02	0.01	2CXO J142433.8+461543	99873.5	3	0	         
287	1.49	0	2CXO J094057.1+032401	1957.2	1	0	         
288	0.35	0.25	2CXO J020847.2+002014	7032.8	2	0	         
289	0.29	0.32	2CXO J094124.0+394442	7927.2	1	0	         
290	0.4	0.85	2CXO J104228.0+262141	2922.5	1	0	         
291	1.37	0.01	2CXO J144024.8+033608	23143.9	1	0	         
292	0.83	0.01	2CXO J092633.6+362450	2717.2	1	0	         
293	1.23	0	2CXO J033158.8-273516	501018.5	6	0	         
294	0.34	0.31	2CXO J003536.8-433615	39752.6	2	0	         
295	1.28	0	2CXO J110633.5-182125	150260.8	12	0	         
296	1.47	0	2CXO J103059.1+350704	63298.3	2	0	         
297	0.32	0.28	2CXO J131458.4+560342	6066.2	1	0	         
298	0.43	0.15	2CXO J033930.6-354847	61605.2	2	0	         
299	0.79	0.01	2CXO J161027.4+130806	14872.2	1	0	         
300	1.26	0	2CXO J155229.9+200721	45794.3	2	0	         
301	0.83	0.01	2CXO J231954.0+003641	74737.4	4	0	         
302	1.3	0.18	2CXO J033205.2-280324	520746.6	5	0	         
303	1.32	0	2CXO J135409.0+334115	5040.1	1	0	         
304	0.79	0.02	2CXO J154140.9+662237	35781.1	2	0	         
305	0.82	0	2CXO J093856.9+412821	14669.9	1	0	         
306	1.39	0	2CXO J115115.3+003827	3686.6	1	0	         
307	0.21	0.52	2CXO J224731.7+033549	48965.6	1	0	         
308	1.4	0	2CXO J033259.1-273611	240092	2	0	         
309	1.49	0.25	2CXO J141420.0-024105	7649.1	1	0	         
310	0.27	0.83	2CXO J111853.5+074945	28760.7	1	0	         
311	0.86	0.16	2CXO J121711.0+583525	6240	1	0	         
312	1.03	0.62	2CXO J115011.7+515917	33607.3	1	0	         
313	0.33	0.33	2CXO J095151.5+594430	5124.7	1	0	         
314	0.97	0.15	2CXO J023146.5+002740	8464.9	1	0	         
315	0.81	0	2CXO J231836.9+304836	9219.3	1	0	         
316	1.28	0	2CXO J095755.0+024806	49435.3	1	0	         
317	0.45	0.18	2CXO J130745.4+363812	39537.7	1	0	         
318	0.93	0.01	2CXO J160207.6+380743	1028.8	1	0	         
319	1.13	0	2CXO J133424.5+374615	59799.4	2	0	         
320	0.27	0.35	2CXO J160918.9+082416	9537.1	1	0	         
321	0.76	0.01	2CXO J173801.1+583012	8489.2	2	0	         
322	0.61	0.42	2CXO J105154.5+573437	         	0	1	124531.5
323	0.57	0.21	2CXO J103456.8+573312	157458.7	3	0	         
324	1.44	0	2CXO J053850.8-283757	14776.9	1	0	         
325	0.61	0.05	2CXO J150629.5+554547	35981.4	2	0	         
325	1.01	0.27	CXO J150629.3+554546X	35981.4	2	0	         
326	1.22	0	2CXO J100131.8+024325	198257.2	4	0	         
327	0.35	0.31	2CXO J145149.1+430125	17677.3	1	0	         
328	1.59	0	2CXO J124406.9+113523	38147.4	1	0	         
329	0.34	0.24	2CXO J170124.6+395437	3592.3	1	0	         
330	0.76	0.04	2CXO J033106.0+440327	95326.3	1	0	         
331	0.72	0.02	2CXO J145710.8+221844	108804	3	0	         
332	0.32	0.39	2CXO J083139.1+524205	9134.1	1	0	         
333	0.51	0.41	2CXO J103154.8+574521	76998.4	2	0	         
334	0.56	0.29	2CXO J171517.5+601637	59339.8	2	0	         
335	1.01	0	2CXO J084840.3+445801	186600.6	2	0	         
336	1.15	0.11	2CXO J152741.4+203753	3920.9	1	0	         
337	0.72	0.07	2CXO J135714.6+052331	46501.3	1	0	         
338	0.2	0.51	2CXO J033235.7-274916	5820130.5	83	0	         
339	0.76	0.41	2CXO J214019.1-234836	96078.6	2	0	         
340	0.39	0.2	2CXO J095928.7+021738	280920.6	7	0	         
341	0.98	0	2CXO J100057.5+684230	         	0	1	9779.6
342	0.46	0.23	2CXO J122523.2+245849	15569.8	1	0	         
343	0.4	0.17	2CXO J142917.2+342130	42806.3	4	0	         
344	1.46	0.02	2CXO J042155.0+324725	18792.5	1	0	         
345	0.24	0.54	2CXO J003328.6-433231	29575.9	1	0	         
346	0.74	0.01	2CXO J161111.6+513131	3063.3	1	0	         
347	0.45	0.13	2CXO J084922.5+445357	186616.7	2	0	         
348	1.19	0	2CXO J084837.9+445352	186619.7	2	0	         
349	0.23	0.49	2CXO J113445.8+431858	5969.1	1	0	         
350	0.29	0.87	2CXO J143421.3+340446	4612.9	1	0	         
351	1.15	0	2CXO J115023.5+281907	1538.9	1	0	         
352	0.94	0.01	2CXO J225257.6-084140	9814	1	0	         
353	0.49	0.14	2CXO J150422.1-024556	52456.6	2	0	         
354	0.35	0.47	2CXO J233739.1+002656	26011.8	2	0	         
355	1.33	0.12	2CXO J101802.9-012914	9917.4	4	0	         
356	1.44	0	2CXO J095848.7+013631	98280.8	2	0	         
357	1.32	0	2CXO J095744.4+330820	6034.6	1	0	         
358	0.27	0.37	2CXO J053359.9-703128	59198.6	1	0	         
359	0.85	0	2CXO J062652.7+820440	47328.9	1	0	         
360	0.71	0.47	2CXO J005245.4-262422	55218.2	1	0	         
361	0.73	0.1	2CXO J111108.0+354016	19449.2	1	0	         
362	0.77	0.02	2CXO J003414.9-433847	33663.6	2	0	         
363	0.28	0.35	2CXO J095944.6+022626	188452.3	7	0	         
364	0.35	0.61	2CXO J002410.9-015647	36539.3	2	0	         
365	1.15	0.2	2CXO J143728.7+344547	4613.1	1	0	         
366	0.18	0.73	2CXO J063020.5+815937	47322.5	1	0	         
367	1.5	0	2CXO J002317.0-275319	6581.2	1	0	         
368	0.36	0.25	2CXO J122556.6+003535	2884.8	1	0	         
369	0.2	0.53	2CXO J005424.8+124215	19591.8	1	0	         
370	1.16	0.45	2CXO J161434.6+470418	3914.6	1	0	         
371	0.43	0.41	2CXO J214020.2-233452	91607.6	2	0	         
372	0.48	0.1	2CXO J140829.2+562823	14918.1	1	0	         
373	0.33	0.82	2CXO J095750.8+074544	14135.5	1	0	         
374	1.44	0	2CXO J033218.9-274755	5807521.9	83	0	         
375	0.99	0	2CXO J103934.1+395257	16093.9	3	0	         
376	1.39	0	2CXO J095955.1+015737	290703.1	6	1	79298.9
377	0.46	0.72	2CXO J124949.4-060723	5477	1	0	         
378	0.82	0	2CXO J134329.2+000132	9822.8	1	0	         
379	0.22	0.82	2CXO J141925.5+074953	5022.5	1	0	         
380	1.24	0.01	2CXO J172109.5+354215	35911.9	2	0	         
381	0.31	0.29	2CXO J124006.7+474003	4691.8	1	0	         
382	0.46	0.17	2CXO J145151.3+430256	25727.6	2	0	         
383	1.13	0	2CXO J005055.6+293328	3466.2	1	0	         
384	1.45	0	2CXO J033150.0-280102	1134230.2	14	0	         
385	0.49	0.11	2CXO J095846.7+023911	288010.4	9	0	         
386	0.78	0.01	2CXO J130413.1-053305	4988.1	1	0	         
387	1.13	0	2CXO J095241.4+515848	32026.8	2	0	         
388	1.36	0	2CXO J053238.9+073243	9234.2	1	0	         
388	1.53	0	2CXO J053238.8+073241	9234.2	1	0	         
389	0.3	0.35	2CXO J131914.2+520200	1542	1	0	         
390	0.73	0.02	2CXO J081910.2+211739	29738.3	1	0	         
391	1.21	0.04	2CXO J143307.8+342316	9128.8	2	0	         
392	0.78	0.01	2CXO J161541.2+471111	3914.6	1	0	         
393	0.79	0.01	2CXO J022436.9-000603	101369.5	2	0	         
394	0.3	0.68	2CXO J061728.5+710559	30633.3	1	0	         
395	0.77	0.01	2CXO J162432.1+565228	3837.9	1	0	         
396	0.46	0.17	2CXO J074408.4+375841	196948.7	4	0	         
397	1.51	0	2CXO J141927.0+075749	5022.5	1	0	         
398	0.4	0.56	2CXO J220203.2-320503	51757.2	2	0	         
399	0.94	0.07	2CXO J084121.5+360845	9318	1	0	         
400	1.02	0.2	2CXO J103333.9+573334	199679.9	5	0	         
401	0.4	0.21	2CXO J161330.8+510400	10786.5	1	0	         
402	0.67	0.02	2CXO J105339.7+573104	101099	3	1	124531.5
403	1.55	0	2CXO J101739.5-012728	9920.5	4	0	         
404	0.63	0.03	2CXO J173551.9+535515	5420.5	1	0	         
405	1.37	0	2CXO J033249.1-274050	3412942.7	49	0	         
406	0.36	0.24	2CXO J043125.1+645154	102827.3	2	0	         
407	0.36	0.26	2CXO J131135.6-012012	197173.6	6	0	         
408	1.42	0.05	2CXO J165150.6+345817	8598.7	1	0	         
409	1.36	0.26	2CXO J125826.4-020210	31974.3	2	0	         
410	0.84	0	2CXO J022150.6+132740	3482.9	1	0	         
411	1.51	0	2CXO J032402.0-003035	8306.5	1	0	         
412	1.35	0	2CXO J084309.8+292919	34549.6	2	0	         
413	0.61	0.04	2CXO J152144.8+525448	19914.3	1	0	         
414	0.78	0.01	2CXO J090651.5+495235	5384.7	1	0	         
415	1.14	0.39	2CXO J124747.3+102231	5282.6	1	0	         
416	0.26	0.4	2CXO J100117.7+023309	211315.9	7	0	         
417	1.31	0	2CXO J142452.0+263715	10339.7	1	0	         
418	0.19	0.58	2CXO J150935.8+570325	88983.6	1	0	         
419	0.36	0.22	2CXO J095800.4+022452	234903.4	5	0	         
420	1.03	0	2CXO J143102.2+341958	23559.2	4	0	         
421	0.41	0.33	2CXO J104647.4+590122	136419.5	2	0	         
422	1.54	0	2CXO J030041.3-002746	49543.8	1	0	         
423	1.56	0	2CXO J111119.0+133603	1557.3	1	0	         
424	0.82	0	2CXO J134105.7+674019	8908.8	1	0	         
425	0.93	0	2CXO J141558.8+132023	19455.8	1	0	         
426	1.16	0	2CXO J023524.0-070952	5048.8	1	0	         
427	0.56	0.11	2CXO J140438.8+432707	6683.5	1	0	         
428	0.44	0.32	2CXO J033122.2-275755	645253.9	7	0	         
429	0.3	0.32	2CXO J125359.6+462750	1822.2	1	0	         
430	0.36	0.25	2CXO J150822.7+014755	10419.9	1	0	         
431	0.83	0.01	2CXO J140747.2+645419	3708.2	1	0	         
432	1.19	0.05	2CXO J142504.7+344842	4713.9	1	0	         
433	0.46	0.43	2CXO J033720.8-345123	19106.5	2	0	         
434	0.66	0.03	2CXO J153650.2+500810	4619.2	1	0	         
435	0.76	0.01	2CXO J132512.5+112329	4700.5	1	0	         
436	1.1	0.11	2CXO J090053.2+422054	3905.1	1	0	         
437	0.38	0.28	2CXO J100037.3+024950	99149.1	3	0	         
438	0.63	0.06	2CXO J093514.7+033545	1781.9	1	0	         
439	1.19	0.16	2CXO J092307.3+305926	5086.8	1	0	         
440	1.47	0.28	2CXO J104248.6+010721	1733.3	1	0	         
441	0.51	0.2	2CXO J103400.7+574744	116723.5	2	0	         
442	0.52	0.47	2CXO J115911.5+440817	83995.5	2	0	         
443	1.39	0	2CXO J100022.7+024829	289752.9	10	0	         
444	0.73	0.19	2CXO J124445.7+111655	5089.8	1	0	         
445	0.37	0.25	2CXO J100030.0+025142	99149.1	3	0	         
446	1.08	0.3	2CXO J005633.0+002942	9912.4	1	0	         
447	0.82	0.05	2CXO J091940.9+334310	3007.8	1	0	         
448	1.38	0	2CXO J105659.4-034715	89169.8	1	0	         
449	1.14	0.5	2CXO J142739.5+331215	4612.5	1	0	         
450	0.49	0.11	2CXO J132224.4+422643	1962.6	1	0	         
451	1.04	0.78	2CXO J020930.4+001915	3544.9	1	0	         
452	0.42	0.23	2CXO J114851.6+514528	33610.5	1	0	         
453	1.22	0.03	2CXO J145303.6+335719	14841.5	1	0	         
454	0.71	0.04	2CXO J104133.4-000236	10303.9	1	0	         
455	1.38	0	2CXO J005717.8-271830	20009.7	2	0	         
456	0.45	0.36	2CXO J142848.3+350315	60450.9	5	0	         
457	0.98	0	2CXO J161156.2+451611	3783.2	1	0	         
458	0.45	0.2	2CXO J100043.9+021452	339061.3	11	1	79298.9
459	1.44	0	2CXO J150113.1+232908	3368	1	0	         
460	0.87	0.07	2CXO J104642.3+591802	65393.5	1	0	         
461	1.63	0	2CXO J154856.7-045933	14969.6	1	0	         
462	0.32	0.79	2CXO J082322.3+221742	5617.3	1	0	         
463	0.3	0.34	2CXO J043646.8+293832	46782.2	1	0	         
464	1	0	2CXO J101215.6-030700	9382.4	1	0	         
465	0.28	0.76	2CXO J095640.4+411043	59204.1	3	0	         
466	0.36	0.27	2CXO J113128.4-195903	13899.2	1	0	         
467	1.53	0	2CXO J015313.2+005306	19880.6	1	0	         
468	1.05	0	2CXO J155633.7+351757	64354.2	2	0	         
469	0.17	0.87	2CXO J124057.3+110110	5089.9	1	0	         
470	0.4	0.17	2CXO J221935.3-271903	45900.1	2	0	         
471	1.13	0	2CXO J033303.3-275922	695925.6	10	0	         
472	0.45	0.18	2CXO J160630.6+542007	9190.9	2	0	         
473	1.11	0	2CXO J135317.7+332927	41661.6	2	0	         
474	0.9	0	2CXO J212407.6+115056	13985.6	1	0	         
475	0.48	0.19	2CXO J150934.1+570314	88983.6	1	0	         
476	1.2	0.04	2CXO J113008.7-144737	27358.1	1	0	         
477	0.86	0	2CXO J171535.9+632335	4252.7	1	0	         
478	1.3	0.18	2CXO J100441.7+423234	7630.4	1	0	         
479	0.49	0.12	2CXO J151010.3+570609	88983.6	1	0	         
480	0.84	0	2CXO J134450.6+555531	44193.4	1	0	         
481	1.26	0.02	2CXO J162128.7-003850	1567.1	1	0	         
482	0.96	0.55	2CXO J221406.1-171218	19781.5	1	0	         
483	1.45	0	2CXO J123132.3+013813	4090.5	1	0	         
484	1.16	0	2CXO J133344.2+375752	29793.7	1	0	         
485	0.39	0.19	2CXO J091501.7+241812	3204.8	1	0	         
486	1.4	0	2CXO J115822.9+123520	30827.5	1	0	         
487	1.23	0	2CXO J163950.4+434003	4007.9	1	0	         
488	0.38	0.2	2CXO J114052.8-262911	39273	1	0	         
489	0.46	0.12	2CXO J100141.3+021031	240450.5	7	1	79298.9
490	0.5	0.11	2CXO J100128.0+021819	187710.1	4	1	79298.9
491	0.74	0.78	2CXO J080507.7+523525	3075.8	1	0	         
492	0.43	0.16	2CXO J135022.1+094011	19779.6	1	0	         
493	0.93	0.01	2CXO J133808.9+292413	37644.5	1	0	         
494	0.8	0.03	2CXO J005811.4-272635	20613.9	2	0	         
495	1.11	0	2CXO J082020.1+364004	7276.3	1	0	         
496	1.35	0	2CXO J095404.9+174218	69121.9	2	0	         
497	0.22	0.69	2CXO J003326.1-432613	36610.8	1	0	         
498	0.83	0.46	2CXO J104836.0+591206	71139.3	1	0	         
499	0.24	0.43	2CXO J095900.2+022811	236177.2	7	0	         
500	0.39	0.26	2CXO J100044.4+025324	99149.1	3	0	         
501	1.41	0	2CXO J004351.5+005501	4603.4	1	0	         
502	1.01	0	2CXO J134322.0+000009	9822.8	1	0	         
503	1.07	0	2CXO J100205.3+554257	31252.5	2	0	         
504	1.14	0	2CXO J092832.8+184824	3977.3	1	0	         
505	0.99	0	2CXO J095845.2+022442	284052	8	0	         
506	0.5	0.09	2CXO J131719.0+291112	111355.7	1	0	         
507	0.28	0.37	2CXO J033153.5-274843	5807509.3	83	0	         
508	0.55	0.08	2CXO J103202.9+573208	38457.1	1	0	         
509	1.03	0.22	2CXO J115628.3+233316	4990	1	0	         
510	1.22	0	2CXO J032444.2-291821	3809	1	0	         
511	0.89	0.01	2CXO J104409.3+590002	67076.3	1	0	         
512	0.24	0.42	2CXO J205829.9-423634	44870.9	1	0	         
513	0.32	0.27	2CXO J114702.5+162534	13889.4	1	0	         
514	0.99	0	2CXO J101957.7+452949	61625.1	1	0	         
515	0.46	0.15	2CXO J132138.3+511743	3197.2	1	0	         
516	0.95	0	2CXO J131132.8+220400	37556.5	2	0	         
517	0.35	0.27	2CXO J110516.4+111801	6949.9	1	0	         
518	0.46	0.12	2CXO J100038.3+013708	148498	3	0	         
519	0.35	0.24	2CXO J115351.1+113649	11035.6	1	0	         
520	0.87	0	2CXO J124209.8+372005	4731.4	1	0	         
521	0.5	0.1	2CXO J080323.0+481618	3706.1	1	0	         
522	0.54	0.19	2CXO J100152.2+015608	291887.3	8	0	         
523	0.4	0.8	2CXO J104505.9+592125	65745.4	1	0	         
524	0.67	0.06	2CXO J003334.3-432220	36610.8	1	0	         
525	0.42	0.17	2CXO J033214.4-275111	5820805.7	83	0	         
526	1.37	0	2CXO J151026.1+074124	4867.3	1	0	         
527	0.46	0.12	2CXO J095500.1-013006	19843.9	1	0	         
528	0.92	0.45	2CXO J222259.6-300417	5286.8	2	0	         
529	0.61	0.06	2CXO J091828.5+513932	16271.3	2	0	         
530	0.66	0.29	2CXO J143303.4-010709	21411.8	1	0	         
531	0.9	0.07	2CXO J104452.2+591415	65748.5	1	0	         
532	0.75	0.72	2CXO J145319.1+430543	17677.3	1	0	         
533	0.79	0.01	2CXO J100129.8+023238	182511	6	0	         
534	0.99	0.05	2CXO J165108.8+345634	17205.1	2	0	         
535	1.22	0.01	2CXO J023958.9-013548	7085.8	1	0	         
536	0.55	0.07	2CXO J133441.8+380011	55593.2	2	0	         
537	1.24	0.16	2CXO J232632.8-000326	8838.9	1	0	         
538	0.44	0.22	2CXO J143543.7+342906	4714	1	0	         
539	0.4	0.17	2CXO J172314.1+654746	2423.1	1	0	         
540	1.04	0	2CXO J214328.9-453850	5682.9	1	0	         
541	0.49	0.15	2CXO J105655.1-034322	89169.8	1	0	         
542	1.25	0	2CXO J132323.7-002155	4359.3	1	0	         
543	0.61	0.04	2CXO J022054.3-015650	7948.6	1	0	         
544	0.85	0.39	2CXO J003336.2-434032	29569.5	1	0	         
545	0.98	0	2CXO J105348.5+515713	20491.2	1	0	         
546	1.34	0	2CXO J143352.2+052729	5020.6	1	0	         
547	0.45	0.12	2CXO J173442.6+160032	2996	1	0	         
548	1.44	0	2CXO J033422.0-011517	74252.8	3	0	         
549	1.47	0.02	2CXO J232740.0-000143	8832.7	1	0	         
550	0.92	0	2CXO J141855.4+244108	29762.6	1	0	         
551	0.34	0.25	2CXO J093949.6+414154	7080.4	1	0	         
552	1.41	0	2CXO J125055.2-015556	4703.4	1	0	         
553	1.22	0	2CXO J214851.7-274657	24800.1	1	0	         
554	0.53	0.39	2CXO J033204.7-274614	6048234.9	85	0	         
555	1.07	0	2CXO J133512.5+380246	25145.6	1	0	         
556	0.43	0.19	2CXO J105233.8+454949	19415.5	1	0	         
557	0.29	0.46	2CXO J003318.3+612743	         	0	1	1131.4
558	0.73	0.24	2CXO J104919.4+585850	68852.6	1	0	         
559	1.24	0.06	2CXO J113910.3-010450	14868.2	1	0	         
560	1.42	0	2CXO J125311.8-091337	127850.4	3	0	         
561	1.08	0	2CXO J043654.8+294018	46782.2	1	0	         
562	0.41	0.74	2CXO J231739.9+002737	150043.8	1	0	         
563	1.22	0.22	2CXO J075840.8+323959	32624.3	1	0	         
564	1.31	0.25	2CXO J132117.1+341137	14072.3	1	0	         
565	0.98	0	2CXO J131104.6+272807	7948.6	1	0	         
566	1.35	0	2CXO J100037.9+020822	241355.3	7	1	79298.9
567	0.4	0.22	2CXO J173836.1+583748	8489.4	2	0	         
568	0.55	0.44	2CXO J161834.0+345625	4868.8	1	0	         
569	0.4	0.71	2CXO J122641.4-002005	4896.8	1	0	         
571	0.8	0.01	2CXO J100226.1+024610	149884.5	4	0	         
572	0.36	0.32	2CXO J100238.7+013936	144299.5	4	0	         
573	1.46	0.31	2CXO J110524.8-001152	9942.8	1	0	         
574	1.02	0	2CXO J094336.9-081930	5351.9	1	0	         
575	0.9	0	2CXO J104838.2-411400	4329.7	1	0	         
576	0.52	0.08	2CXO J100051.9+015919	288418	8	1	79298.9
577	0.42	0.2	2CXO J024145.2+003028	5033.1	1	0	         
578	0.59	0.05	2CXO J114111.6-014306	10021.9	1	0	         
579	1.54	0	2CXO J014756.9+000021	16723.2	2	0	         
580	1.6	0	2CXO J100035.2+024302	189864.8	7	0	         
581	1.54	0	2CXO J123128.5+013523	4090.5	1	0	         
582	1.14	0.16	2CXO J222807.8-303119	22270	1	0	         
583	0.9	0.49	2CXO J033747.8-050720	59742.6	1	0	         
584	0.68	0.62	2CXO J142746.7+441719	9385	1	0	         
585	1.1	0.01	2CXO J095958.1+024057	240484.7	10	0	         
586	0.75	0.04	2CXO J103623.0+622849	7370.9	1	0	         
587	1	0.43	2CXO J104332.9+010107	1733.5	1	0	         
588	0.45	0.27	2CXO J104624.9+584839	69257.5	1	0	         
589	0.68	0.49	2CXO J112951.2-015037	4815	1	0	         
590	0.34	0.3	2CXO J113244.6+343551	39613.6	1	0	         
591	0.86	0.01	2CXO J005818.1-272848	20613.9	2	0	         
592	0.51	0.28	2CXO J135026.2+241155	24740.9	1	0	         
593	0.8	0.05	2CXO J144344.7+423327	5188	1	0	         
594	1.45	0	2CXO J134332.6-000203	9822.8	1	0	         
595	0.84	0	2CXO J124955.4+051627	4900.4	1	0	         
596	1.22	0.04	2CXO J022700.9-044517	74950.1	1	0	         
597	0.43	0.17	2CXO J003331.6-433313	29575.9	1	0	         
598	0.92	0.32	2CXO J141905.0+522527	232853.9	5	0	         
599	1.23	0.01	2CXO J033927.5-352449	92971.7	2	0	         
600	0.7	0.44	2CXO J090943.5+513115	2922.5	1	0	         
601	0.94	0.11	2CXO J094424.1+092424	6397.9	1	0	         
602	1.27	0	2CXO J124825.8+083020	29724.2	1	0	         
603	0.66	0.02	2CXO J123741.2+264227	10173.4	1	0	         
604	1.51	0.03	2CXO J084102.8+131715	37202.7	1	0	         
605	0.94	0	2CXO J153150.1+242108	9953.3	2	0	         
606	1.1	0	2CXO J133526.7+405956	19596	1	0	         
607	0.38	0.19	2CXO J235833.2+003453	1951.4	1	0	         
608	0.4	0.18	2CXO J073733.0+392037	1538.7	1	0	         
609	0.37	0.22	2CXO J003319.1-433711	29569.5	1	0	         
610	0.48	0.44	2CXO J145143.7+430600	17677.3	1	0	         
611	1.51	0	2CXO J095756.7+024840	49435.3	1	0	         
612	0.55	0.18	2CXO J155604.9+243235	20036.6	1	0	         
613	0.98	0.17	2CXO J233130.1+001632	38746.6	3	0	         
614	0.32	0.47	2CXO J103808.7+472735	9835.5	1	0	         
615	1.38	0.02	2CXO J114102.3-262745	39273	1	0	         
616	0.55	0.12	2CXO J170355.2+514936	32235.3	1	0	         
617	0.45	0.14	2CXO J133431.2+374953	59799.4	2	0	         
618	0.39	0.54	2CXO J125507.3+085239	15967.5	1	0	         
619	0.44	0.13	2CXO J123636.7+621156	1797266.2	17	0	         
620	0.79	0.01	2CXO J133749.0+375356	33602.3	1	0	         
621	0.49	0.1	2CXO J103633.5+282821	4136	1	0	         
622	1.18	0	2CXO J033518.1-150616	4952.3	1	0	         
623	0.87	0	2CXO J092636.3+305504	20145.9	4	0	         
624	0.44	0.43	2CXO J074720.4+385539	38996.3	1	0	         
625	1.24	0	2CXO J123527.7+121338	36387.1	5	0	         
626	0.61	0.06	2CXO J105641.3-033853	89173.1	1	0	         
627	0.42	0.23	2CXO J100013.7+021221	194254.1	6	1	79298.9
628	1.16	0	2CXO J093348.3+313335	6100.6	1	0	         
629	0.73	0.26	2CXO J132558.1+073623	20768.2	4	0	         
630	1.03	0	2CXO J143628.0+335524	14773.3	3	0	         
631	0.94	0.05	2CXO J142538.9+331009	14743.5	3	0	         
632	0.39	0.4	2CXO J142214.5-002915	6950.6	1	0	         
633	0.74	0.05	2CXO J171456.2+593700	29660.7	1	0	         
634	0.37	0.33	2CXO J230459.6+121205	34865.7	2	0	         
635	1.02	0.59	2CXO J212419.3-004646	3903.8	1	0	         
636	0.47	0.11	2CXO J123719.8+620955	1797294.1	17	0	         
637	0.58	0.16	2CXO J170355.7+604511	9147.2	1	0	         
638	1.57	0.01	2CXO J114851.6+124949	38396.6	1	0	         
639	0.69	0.02	2CXO J084854.4+445150	186600.6	2	0	         
640	0.29	0.37	2CXO J100033.4+015237	290971.7	6	1	79298.9
641	0.99	0.01	2CXO J221603.1-174316	97802.9	2	0	         
642	0.56	0.16	2CXO J085058.8+115138	46257.9	1	0	         
643	0.77	0.01	2CXO J102700.5+364016	1030	1	0	         
644	1.34	0	2CXO J121217.2+131218	4658.3	1	0	         
645	0.59	0.07	2CXO J103319.9+574820	148532.5	3	0	         
646	0.63	0.08	2CXO J154321.3+662154	31051.3	1	0	         
647	1.1	0	2CXO J120507.6-074527	38964.8	2	0	         
648	0.86	0	2CXO J122711.6+630646	1822.2	1	0	         
649	0.7	0.02	2CXO J181536.7+612711	4897.2	1	0	         
650	0.95	0.01	2CXO J053949.9-283832	29793.8	1	0	         
651	0.94	0.18	2CXO J124459.7-002911	4935.1	1	0	         
652	0.62	0.03	2CXO J133206.9+624202	5400	1	0	         
653	1.18	0	2CXO J100132.8+013847	144478.5	3	0	         
654	1.32	0.01	2CXO J115938.4+292056	60469.9	1	0	         
655	1.48	0	2CXO J210748.2-062154	9554.3	1	0	         
656	0.97	0	2CXO J102229.3+192939	6606.9	1	0	         
657	0.95	0.11	2CXO J030446.3+034947	29768.8	1	0	         
658	0.47	0.11	2CXO J110610.7+640009	3646.5	1	0	         
659	0.51	0.45	2CXO J220735.1+000401	3917.8	1	0	         
660	1.01	0.22	2CXO J082636.6+431104	9895.4	1	0	         
661	0.9	0	2CXO J003548.4-431444	95459.5	2	0	         
662	0.45	0.48	2CXO J142858.1+322850	4852.3	1	0	         
663	1.3	0	2CXO J033140.1-274746	674348.3	9	0	         
664	0.78	0.36	2CXO J122834.6+063159	1948	1	0	         
665	1.47	0	2CXO J121540.4-003433	44520.3	1	0	         
666	1.46	0.5	2CXO J151015.9+112211	4900.4	1	0	         
667	0.79	0.01	2CXO J100434.9+411242	201286.3	9	0	         
668	0.58	0.05	2CXO J171651.7+670854	51730.2	1	0	         
669	0.47	0.17	2CXO J095511.3+594030	5680.7	1	0	         
670	0.6	0.08	2CXO J022659.9-044430	74950.1	1	0	         
671	0.53	0.07	2CXO J110502.0+594103	10086.8	2	0	         
672	1.31	0	2CXO J015650.2+005308	5573.3	1	0	         
673	0.56	0.06	2CXO J150953.7+570048	88983.6	1	0	         
674	1.09	0.09	2CXO J123300.8+471927	9923.8	1	0	         
675	0.53	0.38	2CXO J074958.4+555527	24080.2	1	0	         
676	0.91	0	2CXO J033216.1-274942	5820796.7	83	0	         
677	0.5	0.15	2CXO J142511.3+332026	9425.7	2	0	         
678	1.13	0	2CXO J153714.2+271610	5989.8	1	0	         
679	1.51	0	2CXO J095921.2+024412	240947.8	8	0	         
680	0.36	0.66	2CXO J134420.9+000227	19456.1	2	0	         
681	0.49	0.48	2CXO J004311.6-093816	9830.9	1	0	         
682	0.4	0.73	2CXO J141623.5+112440	38180.8	1	0	         
683	0.59	0.07	2CXO J003541.2-431022	63716.2	1	0	         
684	0.56	0.06	2CXO J164442.5+261913	2946.5	1	0	         
685	1.15	0.45	2CXO J001317.4-000635	6658.5	1	0	         
686	1.38	0.05	2CXO J023954.5-013233	7085.8	1	0	         
687	1.05	0	2CXO J003353.5-432127	36610.9	1	0	         
688	1.35	0.02	2CXO J005357.6+124743	19588.7	1	0	         
689	1.03	0	2CXO J131059.7+560139	2003	1	0	         
690	1.11	0	2CXO J130128.8+291503	18656.7	2	0	         
691	1.41	0	2CXO J161751.9-001957	1964.4	1	0	         
692	0.54	0.43	2CXO J114119.2-014856	10021.9	1	0	         
693	1.38	0	2CXO J083643.8+005452	5683.9	1	0	         
694	0.92	0.05	2CXO J091718.8+113359	9985.8	1	0	         
695	0.39	0.2	2CXO J082443.3+295923	1981.5	1	0	         
696	1.25	0	2CXO J121727.9+115504	5093.1	1	0	         
697	0.9	0	2CXO J160246.3+524358	19911.6	1	0	         
698	0.8	0.53	2CXO J120925.2-005749	34315.3	1	0	         
699	1.49	0.01	2CXO J233331.1+000811	17674.7	2	0	         
700	0.49	0.11	2CXO J152157.4+285918	4578.2	1	0	         
701	0.29	0.51	2CXO J131800.2+325752	2628	1	0	         
702	0.59	0.04	2CXO J134447.4+555411	44193.4	1	0	         
703	1.32	0.08	2CXO J140837.2+020757	5999.9	1	0	         
704	1.28	0.03	2CXO J102134.2+215436	18929.1	1	0	         
705	1.34	0	2CXO J095907.6+022816	236177.2	7	0	         
706	0.94	0.07	2CXO J104746.7+124541	115614	2	0	         
707	0.42	0.27	2CXO J051603.1+245825	9913.4	1	0	         
708	0.41	0.2	2CXO J171712.8+304616	33631.9	1	0	         
709	0.62	0.04	2CXO J124823.9-195918	5086.9	1	0	         
710	0.55	0.45	2CXO J142312.7+452858	35805.2	1	0	         
711	0.49	0.12	2CXO J113724.0+300337	19840.8	1	0	         
712	0.37	0.24	2CXO J091107.8+541824	171046.6	2	0	         
713	0.4	0.63	2CXO J124142.6+412259	56575.4	2	0	         
714	1.12	0.04	2CXO J042154.3+325310	18792.5	1	0	         
715	0.58	0.05	2CXO J122652.0-001159	4896.9	1	0	         
716	0.51	0.09	2CXO J123716.1+620708	669792.2	7	0	         
717	0.96	0	2CXO J143830.2+353915	4609.9	1	0	         
718	1.49	0	2CXO J023101.4+002403	8465	1	0	         
719	1.09	0	2CXO J143525.2+400112	6877.6	1	0	         
720	1.02	0	2CXO J144935.9+631835	65540.5	3	0	         
721	0.77	0.02	2CXO J114900.1+592224	38542.3	1	0	         
722	1.3	0.06	2CXO J014744.0-000232	16723.2	2	0	         
723	0.91	0.17	2CXO J003344.9-434352	53230.1	2	0	         
724	1.08	0	2CXO J100040.1+024751	99149.1	3	0	         
725	0.47	0.11	2CXO J095840.3+020807	236250.7	5	0	         
726	0.52	0.07	2CXO J092347.9+310754	5086.8	1	0	         
727	0.45	0.23	2CXO J004821.6-285207	14849.6	1	0	         
728	0.49	0.11	2CXO J100158.0+014621	292635.2	8	0	         
729	0.56	0.06	2CXO J172419.0+505740	19871.4	1	0	         
730	0.6	0.73	2CXO J113000.6+583248	24296.8	1	0	         
731	0.51	0.09	2CXO J005734.9-012327	7945.5	1	0	         
732	0.4	0.18	2CXO J100201.3+024029	199327.9	5	0	         
733	0.88	0.58	2CXO J140854.8+021424	5999.9	1	0	         
734	0.98	0	2CXO J073739.9+384413	10492.6	1	0	         
735	1.05	0	2CXO J221756.6-594130	9807	2	0	         
736	0.94	0.07	2CXO J104644.0+590028	136419.5	2	0	         
737	0.83	0	2CXO J141449.5+361240	367016.7	5	0	         
738	1.18	0	2CXO J033214.9-275127	5820802.6	83	0	         
739	1.39	0.25	2CXO J024300.7-001055	2700.8	1	1	39736.6
740	1.35	0.01	2CXO J121432.7+142214	4499.1	1	0	         
741	0.75	0.01	2CXO J124052.8-364521	8711.8	1	0	         
742	0.53	0.07	2CXO J033339.5-391841	20533	2	0	         
743	0.5	0.15	2CXO J122824.2+114349	5092	1	0	         
744	0.67	0.02	2CXO J123635.5+621424	1797266.2	17	0	         
745	0.59	0.06	2CXO J152922.2+592854	3748.1	1	0	         
746	0.95	0	2CXO J035135.7-274435	19885.8	1	0	         
747	1.08	0	2CXO J091059.3+541716	171046.5	2	0	         
748	1.07	0	2CXO J121651.8+375438	49213.9	1	0	         
749	0.66	0.24	2CXO J104654.6+591632	65393.5	1	0	         
750	0.92	0.43	2CXO J021825.9-045945	84472.7	1	0	         
751	0.91	0	2CXO J150953.2+570547	88983.6	1	0	         
752	0.45	0.12	2CXO J020011.5-093126	28929.4	2	0	         
753	0.56	0.45	2CXO J104616.6+591626	132897.8	2	0	         
754	0.48	0.23	2CXO J133402.5+375129	59789.8	2	0	         
755	1.13	0	2CXO J142622.6+334202	44037.7	3	0	         
756	0.37	0.39	2CXO J144514.0-002525	4277.7	1	0	         
757	1.14	0.19	2CXO J155855.9+395651	6138.9	1	0	         
758	1.34	0.24	2CXO J125855.3+121249	9221.3	1	0	         
759	0.75	0.01	2CXO J090630.7+693030	29790.7	1	0	         
760	0.39	0.18	2CXO J163700.2+222114	4371	1	0	         
761	1.29	0	2CXO J160455.3+381201	8295.3	1	0	         
762	0.86	0.01	2CXO J170425.1+514716	32235.3	1	0	         
763	0.4	0.34	2CXO J143057.2+324441	9909.6	2	0	         
764	1.63	0	2CXO J095852.0+025156	49432.2	1	0	         
765	0.99	0	2CXO J144554.7+012903	5935.2	1	0	         
766	0.62	0.03	2CXO J130724.0+460401	19094.3	1	0	         
767	1.62	0	2CXO J100137.5+022155	236833.7	5	0	         
768	1.06	0.05	2CXO J034524.4-055747	19818.9	1	0	         
769	0.99	0.1	2CXO J130051.7+275219	62899.7	1	3	37965.5
770	1.09	0	2CXO J080430.4+645952	8025.1	2	0	         
771	0.53	0.07	2CXO J082549.5+471027	7973	1	0	         
772	0.65	0.11	2CXO J123025.9+030535	3516.5	1	0	         
773	1.25	0	2CXO J143031.7+322145	33708.2	2	0	         
774	0.79	0.01	2CXO J104503.3+591242	65745.4	1	0	         
775	1.1	0.67	2CXO J145528.6+031300	6344.2	1	0	         
776	0.81	0.01	2CXO J100107.3+021100	240886.4	8	1	79298.9
777	0.71	0.06	2CXO J103456.3+393941	5055.2	1	0	         
778	0.46	0.11	2CXO J141500.4+520658	198022.6	6	0	         
779	1.01	0.21	2CXO J124938.4+050924	4900.4	1	0	         
780	0.38	0.19	2CXO J145210.5+292409	4021.7	1	0	         
781	0.79	0.01	2CXO J100420.1+051300	4934.8	1	0	         
782	0.94	0.03	2CXO J142551.2+350112	9358.2	2	0	         
783	0.48	0.33	2CXO J130729.5+462719	29649.5	2	0	         
784	0.77	0.24	2CXO J160934.1+550015	9292	2	0	         
785	0.66	0.19	2CXO J025449.4+414550	47850.3	1	0	         
786	0.94	0	2CXO J212246.3+170437	19776.6	1	0	         
787	1.34	0	2CXO J095938.9+021200	241461.9	6	0	         
788	0.77	0.2	2CXO J142428.1+351922	19558.5	2	0	         
789	0.29	0.33	2CXO J094941.1+295519	6517.6	1	0	         
790	1.34	0	2CXO J033318.9-273342	240076.6	2	0	         
791	0.45	0.19	2CXO J171635.6+671625	51727	1	0	         
792	0.37	0.42	2CXO J133530.3+375750	54942.6	2	0	         
793	0.59	0.04	2CXO J085605.8+450520	10527.7	1	0	         
794	0.51	0.11	2CXO J033300.6-273457	240092	2	0	         
795	1.11	0.01	2CXO J074611.1+200429	29455.7	1	0	         
796	1.44	0.23	2CXO J225215.7+132141	19569.8	1	0	         
797	0.36	0.89	2CXO J014717.1+001035	6186.3	1	0	         
798	1.47	0	2CXO J123346.5+132222	5093.1	1	0	         
799	0.69	0.62	2CXO J233128.2+194602	4663.4	1	0	         
800	0.54	0.86	2CXO J003324.1-431701	36610.9	1	0	         
801	1.27	0.16	2CXO J143019.8-000445	1945.3	1	0	         
802	0.61	0.19	2CXO J132432.6+304557	48391.5	2	0	         
803	0.78	0.01	2CXO J104738.0+590137	71133.1	1	0	         
804	0.74	0.01	2CXO J002037.9+284231	8961.3	1	0	         
805	0.63	0.04	2CXO J075054.6+425219	4033.6	1	0	         
806	0.8	0.03	2CXO J133037.1-003320	14872	1	0	         
807	1.31	0	2CXO J224022.8+032450	489577.5	26	0	         
808	1.15	0	2CXO J084905.0+445714	186616.7	2	0	         
809	0.46	0.17	2CXO J131926.5+105611	1822.6	1	0	         
810	0.43	0.29	2CXO J150941.2+565856	88983.6	1	0	         
811	1.11	0	2CXO J144852.1+473509	6925.6	1	0	         
812	1.4	0	2CXO J024250.9-000031	50143.4	2	1	39736.6
813	1.29	0.17	2CXO J151521.6+312253	4136.4	1	0	         
814	1.5	0	2CXO J100024.8+023956	332297.1	12	0	         
815	0.57	0.9	2CXO J110520.3-000909	9942.8	1	0	         
816	1.37	0	2CXO J100118.5+022738	182511	6	0	         
817	0.81	0.01	2CXO J171419.2+611944	4622.3	1	0	         
818	0.64	0.07	2CXO J135601.2+182451	49325.8	1	0	         
819	0.3	0.32	2CXO J100038.1+024830	99149.1	3	0	         
820	0.59	0.35	2CXO J033132.8-280116	1012707.6	13	0	         
821	0.52	0.12	2CXO J115108.8+471509	5005.3	1	0	         
822	0.62	0.41	2CXO J014156.0-004614	19803.8	1	0	         
823	0.57	0.34	2CXO J110122.7+164213	10012.4	1	0	         
824	0.54	0.21	2CXO J121808.4+471613	14040.7	1	0	         
825	0.38	0.21	2CXO J095958.4+022238	238176	8	0	         
826	1.16	0	2CXO J000338.9+160220	58331.4	1	0	         
827	1.11	0.19	2CXO J024308.1-000127	         	0	1	39736.6
828	1.03	0	2CXO J160913.1+535429	14796.5	2	0	         
829	0.66	0.02	2CXO J104943.3+583750	4693.6	1	0	         
830	1.02	0.01	2CXO J003332.0-432007	36610.9	1	0	         
831	1.57	0	2CXO J142849.1+004940	52632.4	1	0	         
832	1.46	0.1	2CXO J022800.9+003944	51169.1	4	0	         
833	0.44	0.15	2CXO J104353.4+585316	67082.5	1	0	         
834	1.2	0	2CXO J111657.2+181215	38494.4	1	0	         
835	0.62	0.04	2CXO J075214.3+273650	29649.6	1	0	         
836	0.59	0.14	2CXO J021113.3-000901	4887	1	0	         
837	0.91	0.06	2CXO J093532.9+612738	49319.5	1	0	         
838	1.05	0	2CXO J141624.6+231614	14565.2	1	0	         
839	1.36	0	2CXO J212512.4-071329	6879.5	1	0	         
840	0.56	0.2	2CXO J165110.2+350511	17201.4	2	0	         
841	0.84	0	2CXO J135837.9+372528	15651.8	1	0	         
842	0.77	0.41	2CXO J042127.7+325037	18792.5	1	0	         
843	0.56	0.05	2CXO J131310.1+051942	1982.9	1	0	         
844	0.58	0.09	2CXO J025454.3+414006	181645	5	0	         
845	1.53	0	2CXO J224718.7+033650	48965.6	1	0	         
846	0.37	0.38	2CXO J170917.2+615322	4056.8	1	0	         
847	0.79	0.01	2CXO J221009.9-360519	5058.3	1	0	         
848	0.56	0.12	2CXO J100141.4+020050	193394.5	6	1	79298.9
849	1.54	0.01	2CXO J100255.8+013730	49528.9	2	0	         
850	0.88	0.07	2CXO J163619.1+410436	73385.2	1	0	         
851	0.53	0.18	2CXO J172328.4+592947	27797	1	0	         
852	0.54	0.27	2CXO J090331.9+011804	19790.5	1	0	         
853	1.01	0	2CXO J123301.7+472455	9923.8	1	0	         
854	0.8	0.05	2CXO J161007.1+535813	4700.2	1	0	         
855	0.93	0	2CXO J141531.4+113157	127042.8	2	0	         
856	0.47	0.13	2CXO J130700.6+233805	3499.7	1	0	         
857	0.57	0.39	2CXO J111239.1+353928	19449.2	1	0	         
858	0.55	0.09	2CXO J100201.5+020329	290058.7	9	0	         
859	0.61	0.04	2CXO J194719.3+444942	3592.3	1	0	         
860	1.48	0.07	2CXO J004342.7+004841	4603.4	1	0	         
861	0.39	0.2	2CXO J103308.8+575719	36991.1	1	0	         
862	0.61	0.28	2CXO J103352.7+581340	11916.5	1	0	         
863	0.92	0	2CXO J095855.2+022713	284048.8	8	0	         
864	0.96	0.02	2CXO J053959.0-283752	29793.8	1	0	         
865	0.63	0.18	2CXO J085554.4+370900	10325.2	1	0	         
866	0.75	0.42	2CXO J100249.5+015532	195675.8	5	0	         
867	0.86	0.01	2CXO J111520.7+404326	29664.6	1	0	         
868	0.35	0.23	2CXO J104321.3+590943	71127.1	1	0	         
869	0.44	0.18	2CXO J160843.9+071508	1556.9	1	0	         
870	1.19	0	2CXO J035504.8-381142	4063.1	1	0	         
871	0.56	0.08	2CXO J160441.4+164538	1557	1	0	         
872	0.63	0.03	2CXO J172958.7+575838	2260.2	1	0	         
873	1.04	0.02	2CXO J084825.2+444808	186619.7	2	0	         
874	1.34	0	2CXO J013805.3-125210	49801.9	2	0	         
875	0.6	0.57	2CXO J105343.8+454042	19418.6	1	0	         
876	1.06	0	2CXO J083839.1+285852	1540.7	1	0	         
877	0.63	0.09	2CXO J084035.1+562419	15844.3	1	0	         
878	1.5	0	2CXO J140055.4-014234	49371	1	0	         
879	0.76	0.01	2CXO J145147.0-151220	4091.5	1	0	         
880	1.02	0	2CXO J142754.9+330009	9326.9	2	0	         
881	1.27	0	2CXO J100148.9+024821	198260.3	4	0	         
882	0.43	0.41	2CXO J014044.0-083712	1538.2	1	0	         
883	0.38	0.52	2CXO J160525.5-011031	4638.1	1	0	         
884	0.46	0.12	2CXO J114642.5+511029	15432.4	1	0	         
885	1.22	0	2CXO J232159.0+000738	4666.1	1	0	         
886	0.43	0.19	2CXO J085417.6+532735	1949.4	1	0	         
887	0.41	0.32	2CXO J234806.6+010043	23231.7	1	0	         
888	0.58	0.05	2CXO J013253.3-095239	8151.3	1	0	         
889	1.31	0.2	2CXO J021043.1-001817	7056.2	2	0	         
890	0.63	0.04	2CXO J151653.2+190048	1131.6	1	0	         
891	0.27	0.43	2CXO J104043.6+593409	1371.2	1	0	         
892	0.45	0.13	2CXO J123715.9+621213	1797291	17	0	         
893	1.11	0.13	2CXO J171927.2+273245	9985.2	1	0	         
894	1.1	0	2CXO J165158.5+432508	10050.4	1	0	         
895	1.52	0	2CXO J234812.8+010022	23231.7	1	0	         
896	0.39	0.78	2CXO J080937.8+421028	9945.8	1	0	         
897	0.85	0.01	2CXO J233209.7+194517	4663.4	1	0	         
898	1	0	2CXO J104130.1+000118	10303.9	1	0	         
899	0.91	0	2CXO J103233.6+574353	117739.9	3	0	         
900	1.09	0	2CXO J095757.5+023919	195911.5	4	0	         
901	1.23	0	2CXO J011309.0+153553	58494.5	1	0	         
902	1.36	0.24	2CXO J232640.5-000200	8838.9	1	0	         
903	0.6	0.38	2CXO J003631.0-431345	63700.5	1	0	         
904	0.43	0.17	2CXO J091100.3+542542	171046.6	2	0	         
905	1.13	0	2CXO J150842.1+332802	31317	1	0	         
906	1.22	0.11	2CXO J002716.1-014646	4691.8	1	0	         
907	0.48	0.85	2CXO J150401.3+005955	10219.8	1	0	         
908	0.66	0.52	2CXO J142545.5+332602	40057.2	3	0	         
909	0.62	0.22	2CXO J105518.1+570423	9392.8	2	0	         
910	0.94	0	2CXO J112751.1+243207	4205	1	0	         
911	1.01	0.03	2CXO J130619.6+262437	29591.7	1	0	         
912	0.83	0	2CXO J090714.4+520343	14865.6	1	0	         
913	0.66	0.02	2CXO J171544.0+600835	59333.5	2	0	         
914	1.03	0.01	2CXO J100656.4+345445	40507.7	1	0	         
915	0.75	0.02	2CXO J091023.3+541400	171046.5	2	0	         
916	1.29	0	2CXO J142904.6+294342	4374.2	1	0	         
917	1.11	0	2CXO J134047.9+401118	46984.6	1	0	         
918	1.25	0	2CXO J001306.1+000431	6658.7	1	0	         
919	0.47	0.12	2CXO J210451.8-071209	3104.1	1	0	         
920	0.99	0	2CXO J115115.6+003825	3686.6	1	0	         
921	0.96	0.03	2CXO J220501.1+003123	9429.6	1	0	         
922	1.29	0	2CXO J134414.0-002950	9629.9	1	0	         
923	0.52	0.7	2CXO J231309.7+002633	1134.3	1	0	         
924	1.36	0.01	2CXO J134424.5-000617	9633.3	1	0	         
925	0.66	0.1	2CXO J095820.5+073435	14138.7	1	0	         
926	0.94	0.1	2CXO J104351.8+584953	67082.5	1	0	         
927	0.26	0.39	2CXO J171450.4+601409	29670.6	1	0	         
928	0.59	0.06	2CXO J144932.7+002236	2148.4	1	0	         
929	0.6	0.04	2CXO J130747.9+064039	15848	1	0	         
930	1.51	0.09	2CXO J010702.1+005541	52639.2	2	0	         
931	0.54	0.14	2CXO J142512.9+340030	4714.1	1	0	         
932	1.49	0.01	2CXO J002707.7+170750	39935.8	1	0	         
933	0.52	0.08	2CXO J222852.6-075346	7036.2	1	0	         
934	0.97	0.5	2CXO J171516.5+632944	4252.7	1	0	         
935	1.12	0.01	2CXO J053957.1-284913	44577.1	2	0	         
936	0.61	0.07	2CXO J084907.2+445814	186616.7	2	0	         
937	1.13	0	2CXO J121057.0+095426	9972.9	1	0	         
938	1.04	0.28	2CXO J010113.3-002948	16808.5	1	0	         
939	0.65	0.3	2CXO J154316.4+540525	4545.9	1	0	         
940	0.8	0.01	2CXO J003131.4+003420	6682.3	1	0	         
941	0.61	0.04	2CXO J073502.3+265911	3982.6	1	0	         
942	1.03	0.08	2CXO J145116.0-000628	25741.2	1	0	         
943	1.01	0.01	2CXO J022353.6+421221	4396.9	1	0	         
944	0.52	0.14	2CXO J122915.7+473622	6944.5	1	0	         
945	0.59	0.04	2CXO J123618.5+621115	1797266.2	17	0	         
946	0.45	0.35	2CXO J153924.6+032453	4405.7	1	0	         
947	0.62	0.03	2CXO J115138.1+561331	1821.5	1	0	         
948	1.2	0	2CXO J100305.0+015156	96703.4	2	0	         
949	1.09	0.04	2CXO J100005.9+015453	290987.5	6	1	79298.9
950	0.58	0.05	2CXO J092712.6+294344	26658.7	1	0	         
951	0.67	0.09	2CXO J143756.4+351937	4612.9	1	0	         
952	1	0	2CXO J115707.3+333257	35588.3	2	0	         
953	0.62	0.03	2CXO J215841.9-011500	3879.4	1	0	         
954	0.5	0.08	2CXO J033154.4-274159	908606.2	13	0	         
955	0.76	0.49	2CXO J021122.6-001005	4886.9	1	0	         
956	0.57	0.22	2CXO J093701.7+232435	4900.4	1	0	         
957	0.64	0.03	2CXO J210211.5-064644	3773	1	0	         
958	1.07	0	2CXO J114044.4-262920	39273	1	0	         
959	1.26	0	2CXO J233023.4+000811	17766.5	2	0	         
960	0.79	0.01	2CXO J090843.2+285230	2002.9	1	0	         
961	0.45	0.13	2CXO J144231.7+011055	11007.6	1	0	         
962	0.97	0.01	2CXO J033216.1-275644	3822924.9	53	0	         
963	1.49	0	2CXO J141111.2+121737	14274.5	1	0	         
964	1.02	0.02	2CXO J122941.0+111942	34609	1	0	         
965	0.69	0.18	2CXO J104442.6+591919	65748.5	1	0	         
966	0.4	0.76	2CXO J114455.1+495211	18234.6	1	0	         
967	0.62	0.04	2CXO J124035.8-002919	4658.4	1	0	         
968	0.6	0.06	2CXO J123107.8+254734	23157.8	1	0	         
969	1.24	0	2CXO J100131.8+023334	231937	7	0	         
970	0.46	0.2	2CXO J100123.0+020851	238469.2	7	1	79298.9
971	1.46	0	2CXO J124135.8+093931	5156.3	1	0	         
972	1.08	0.21	2CXO J114445.9+055054	19822.5	1	0	         
973	1.06	0.04	2CXO J003339.0-432554	36610.8	1	0	         
974	1.17	0	2CXO J104600.7+042527	9906.4	1	0	         
975	0.61	0.34	2CXO J081427.5+514516	6846.6	1	0	         
976	1.06	0.05	2CXO J161112.1+115733	76303.4	1	0	         
977	0.89	0.01	2CXO J021808.5-051224	84472.7	1	0	         
978	1.41	0.01	2CXO J010510.2+000855	14954.7	1	0	         
979	0.61	0.15	2CXO J104505.0+585947	199822.3	3	0	         
980	0.73	0.02	2CXO J091646.0+283526	5002.3	1	0	         
981	0.76	0.33	2CXO J145111.7+580002	94616.2	2	0	         
982	1.15	0	2CXO J131708.7+291118	111355.7	1	0	         
983	0.69	0.06	2CXO J234053.0-090314	26324.7	1	0	         
984	0.5	0.65	2CXO J012523.4-091741	9949.5	1	0	         
985	0.6	0.1	2CXO J013847.5-103127	14571.4	1	0	         
986	0.94	0.29	2CXO J231815.0-421347	29667.9	1	0	         
987	1.16	0.01	2CXO J091044.9+174430	41682.5	2	0	         
988	0.62	0.38	2CXO J154018.0+304438	7982.2	1	0	         
989	0.47	0.73	2CXO J150827.1+561239	14720	1	0	         
990	1.2	0.01	2CXO J095914.8+014245	246669	5	0	         
991	0.71	0.02	2CXO J084856.7+445226	186600.6	2	0	         
992	0.67	0.09	2CXO J124246.0+122405	10622.1	1	0	         
993	1.16	0.44	2CXO J091847.4+064704	4897.2	1	0	         
994	1.3	0.04	2CXO J033226.1-273712	625914.8	7	0	         
995	1.32	0.62	2CXO J134952.7+050458	10888.7	1	0	         
996	1.53	0	2CXO J110556.1+031243	4090.5	1	0	         
997	1.29	0.05	2CXO J121359.2+293617	5023.6	1	0	         
998	1	0.73	2CXO J211614.2-001036	9453.2	1	0	         
999	0.66	0.02	2CXO J143120.5+395241	2856.9	1	0	         
1000	0.56	0.31	2CXO J134001.2+004607	19917.3	1	0	         
1001	1.34	0	2CXO J100115.2+024812	148571.9	4	0	         
1002	0.54	0.16	2CXO J104543.2+590657	132891.7	2	0	         
1003	0.59	0.33	2CXO J124139.0+074348	5282.6	1	0	         
1004	0.71	0.01	2CXO J082324.7+222303	5617.3	1	0	         
1005	0.54	0.12	2CXO J171614.6+671343	51727	1	0	         
1006	0.69	0.22	2CXO J104644.7+591116	131132.7	2	0	         
1007	0.56	0.08	2CXO J144250.1+092001	1538.5	1	0	         
1008	1.08	0	2CXO J100156.7+025312	99381.6	2	0	         
1009	1.21	0	2CXO J135544.4+402536	5390.1	1	0	         
1010	0.52	0.09	2CXO J100007.3+024043	265160.2	10	0	         
1011	1.32	0.06	2CXO J115946.7-010449	14859	1	0	         
1012	1.03	0	2CXO J023430.6+243835	3935.7	1	0	         
1013	1.18	0	2CXO J100055.6+023109	232257.6	8	0	         
1014	1.09	0.01	2CXO J095905.7+024026	240947.9	8	0	         
1015	0.51	0.19	2CXO J011927.4-083133	15437.2	1	0	         
1016	0.84	0.33	2CXO J143030.2-001115	1945.4	1	0	         
1017	0.75	0.35	2CXO J164435.3+420029	7848.1	1	0	         
1018	0.47	0.28	2CXO J133529.7+380432	25145.6	1	0	         
1019	1	0	2CXO J130456.9+395529	4699.4	1	0	         
1020	0.27	0.47	2CXO J050924.0-672124	111188.2	3	0	         
1021	0.59	0.05	2CXO J142258.2+193322	7939.4	1	0	         
1022	1.43	0	2CXO J152442.5+292701	4249.9	1	0	         
1023	1.38	0.02	2CXO J105807.4+012843	10053.5	1	0	         
1024	0.88	0	2CXO J103715.3+465014	19366.6	1	0	         
1025	0.72	0.03	2CXO J104251.3+591159	71127.1	1	0	         
1026	0.61	0.07	2CXO J112820.8-011441	8628.4	1	0	         
1027	1.13	0.69	2CXO J162807.0+442738	9946.4	1	0	         
1028	1.13	0.08	2CXO J104452.0+384007	4897.1	1	0	         
1029	0.95	0.58	2CXO J112952.7-013128	4815	1	0	         
1030	0.73	0.01	2CXO J084304.8+292953	34546.6	2	0	         
1031	1.4	0	2CXO J114405.6+195735	47483.4	1	0	         
1032	1.18	0	2CXO J100627.8+320219	10888.7	1	0	         
1033	1.61	0	2CXO J100209.0+021837	239284.6	5	0	         
1034	0.9	0	2CXO J164407.6+415748	7848.1	1	0	         
1035	0.77	0.22	2CXO J142811.7+332008	18811.1	4	0	         
1036	0.41	0.16	2CXO J100129.6+545438	4003.5	1	0	         
1037	1.16	0	2CXO J144842.4+042403	8931	1	0	         
1038	1.54	0	2CXO J101246.5+061604	14874.6	1	0	         
1039	0.25	0.41	2CXO J100136.5+025303	49432.2	1	0	         
1040	1.44	0.02	2CXO J212511.1-072007	6879.5	1	0	         
1041	0.76	0.29	2CXO J080152.1+521211	4090.5	1	0	         
1042	1.34	0.01	2CXO J100159.8+013134	93984	3	0	         
1043	0.99	0	2CXO J123253.0+364358	16055	1	0	         
1044	1.41	0.24	2CXO J143259.3-011148	21411.8	1	0	         
1045	0.72	0.02	2CXO J222202.2+195231	2410.7	1	0	         
1046	0.61	0.04	2CXO J140034.7+004733	3074.2	1	0	         
1047	0.72	0.22	2CXO J090912.4+000221	1336.5	1	0	         
1048	0.97	0	2CXO J132801.2+573112	22405.8	1	0	         
1049	0.37	0.23	2CXO J100100.3+024413	190071	7	0	         
1050	1.19	0	2CXO J143220.1+331511	4612.2	1	0	         
1051	0.97	0	2CXO J232424.7+144254	4982.5	1	0	         
1052	0.85	0.19	2CXO J103322.1+573259	199679.9	5	0	         
1053	1.4	0.17	2CXO J141430.2-001358	26133.4	2	0	         
1054	0.87	0.16	2CXO J053920.1-283637	14773.7	1	0	         
1055	0.56	0.05	2CXO J092713.8+294335	26658.7	1	0	         
1056	1.45	0	2CXO J005427.7+124426	19591.8	1	0	         
1057	1.53	0	2CXO J010506.4-061509	9817.1	1	0	         
1058	0.64	0.04	2CXO J133422.6+475033	11595.5	1	0	         
1059	0.42	0.28	2CXO J003504.4-431610	31743.3	1	0	         
1060	0.97	0.73	2CXO J135605.7+180502	1291.2	1	0	         
1061	0.49	0.09	2CXO J141956.6+060749	9921.9	1	0	         
1062	0.49	0.4	2CXO J080120.7+133957	13189.5	1	0	         
1063	1.4	0	2CXO J114356.8+195649	47483.4	1	0	         
1064	1.11	0	2CXO J112551.8+502803	9724.9	1	0	         
1065	1.16	0.01	2CXO J023529.0-092512	5262	1	0	         
1066	1.11	0.01	2CXO J142352.4+224744	34276.1	2	0	         
1067	0.45	0.19	2CXO J082133.8+210818	59372.3	2	0	         
1068	0.48	0.35	2CXO J115651.1+233106	4990	1	0	         
1069	0.76	0.01	2CXO J134652.7+392411	5968.5	1	0	         
1070	1.21	0.04	2CXO J095700.4+284041	9999.8	1	0	         
1071	1.12	0	2CXO J100141.8+024927	198260.3	4	0	         
1072	0.49	0.11	2CXO J162933.6+253200	2958.4	1	0	         
1073	1.14	0.01	2CXO J033319.5-274950	568245.6	9	0	         
1074	1.1	0.6	2CXO J102223.2+125739	9998.4	1	0	         
1075	1.12	0	2CXO J104459.6+365604	4836.7	1	0	         
1076	0.58	0.05	2CXO J111816.5-324850	21192.8	1	0	         
1077	1.22	0.01	2CXO J120837.6+000920	4617.9	1	0	         
1078	1.44	0	2CXO J095836.5+074556	14138.7	1	0	         
1079	0.61	0.36	2CXO J104321.0+313354	9914.1	1	0	         
1080	1.5	0.04	2CXO J104233.8+010207	1634.4	1	0	         
1081	0.7	0.04	2CXO J033314.8-275749	699592.3	9	0	         
1082	1.05	0	2CXO J141508.2-002549	115033.8	4	0	         
1083	1.59	0	2CXO J134329.4+000422	9822.8	1	0	         
1084	0.64	0.04	2CXO J233158.8+194439	4663.4	1	0	         
1085	0.6	0.06	2CXO J143835.9+431459	3709.2	1	0	         
1086	1.18	0	2CXO J100717.2+124543	41063.7	1	0	         
1087	1.39	0	2CXO J205602.0-043645	88857.9	2	0	         
1088	0.58	0.55	2CXO J130307.8+191942	9973.9	1	0	         
1089	0.64	0.04	2CXO J114044.2-263129	39273	1	0	         
1090	0.54	0.12	2CXO J104803.1+591946	136535.9	2	0	         
1091	0.74	0.02	2CXO J015048.8+004126	3235.3	1	0	         
1092	0.62	0.53	2CXO J101957.5+253429	21707.1	1	0	         
1093	0.38	0.26	2CXO J100117.1+025255	49432.2	1	0	         
1094	0.88	0	2CXO J003346.2-431943	36610.9	1	0	         
1095	0.9	0	2CXO J103351.5+572502	38203.4	1	0	         
1096	1.01	0	2CXO J100216.7+013725	93987.1	3	0	         
1097	1.2	0	2CXO J104749.4+122748	375598.8	7	0	         
1098	0.33	0.35	2CXO J144948.4+581046	49044.5	1	0	         
1099	1.43	0	2CXO J091824.3+063653	4897.2	1	0	         
1100	0.63	0.15	2CXO J232734.7+002234	8838.8	1	0	         
1101	0.85	0	2CXO J035057.9-380536	24720.7	1	0	         
1102	1.31	0.22	2CXO J123227.9+141558	17870	1	0	         
1103	0.55	0.07	2CXO J141434.5+293428	2152.1	1	0	         
1104	0.47	0.12	2CXO J163033.9+401209	27386.4	1	0	         
1105	0.72	0.01	2CXO J100046.7+020404	240000	7	1	79298.9
1106	1.45	0	2CXO J100228.7+023731	146426.8	4	0	         
1107	0.84	0.27	2CXO J023250.1-364624	5022.4	1	0	         
1108	1.41	0	2CXO J133826.0-194231	77418.4	3	0	         
1109	1.03	0.1	2CXO J095759.4+022810	147467.7	3	0	         
1110	0.62	0.04	2CXO J092405.3+141021	29744.4	1	0	         
1111	0.91	0	2CXO J100443.4+480156	8627.8	1	0	         
1112	0.54	0.09	2CXO J103209.7+573850	79198.4	2	0	         
1113	1.42	0	2CXO J025959.6+004813	4658.8	1	0	         
1114	1.23	0	2CXO J143016.1+351923	8847.2	2	0	         
1115	0.61	0.04	2CXO J215334.8+173631	104850.3	2	0	         
1116	0.86	0	2CXO J091342.4+372603	5060.4	1	0	         
1117	1	0	2CXO J161347.7+290911	4042.7	1	0	         
1118	0.74	0.02	2CXO J165637.0+371439	1985.1	1	0	         
1119	1.2	0	2CXO J100228.6+024901	99369.3	2	0	         
1120	0.99	0	2CXO J041604.3-205627	4861.8	1	0	         
1121	1.01	0.07	2CXO J171927.0+273433	9985.2	1	0	         
1122	0.74	0.02	2CXO J140714.2+023601	5471.5	1	0	         
1123	0.45	0.15	2CXO J144738.2+082546	11999.3	1	0	         
1124	0.59	0.1	2CXO J100046.8+014737	290202.8	8	0	         
1125	1.55	0	2CXO J002733.7-013452	4691.8	1	0	         
1126	0.79	0.09	2CXO J161046.8+522805	14791.6	1	0	         
1127	1.01	0	2CXO J044223.7+020219	43631.4	1	0	         
1128	0.67	0.76	2CXO J160319.9+422147	13200.3	1	0	         
1129	0.55	0.17	2CXO J164827.0+350017	31347.4	3	0	         
1130	0.92	0	2CXO J171545.5+601119	59333.4	2	0	         
1131	0.32	0.31	2CXO J091053.3+541821	171046.5	2	0	         
1132	0.39	0.35	2CXO J100026.1+020925	194254.1	6	1	79298.9
1133	1.25	0	2CXO J141531.0+112712	38184	1	0	         
1134	0.51	0.11	2CXO J081257.8+522210	4104	1	0	         
1135	1.13	0.05	2CXO J033802.9-050046	59733	1	0	         
1136	1.04	0	2CXO J093759.4+542426	15465.7	1	0	         
1137	0.67	0.02	2CXO J000703.6+155423	3360.4	1	0	         
1138	0.3	0.32	2CXO J000654.1-001533	4451.7	1	0	         
1139	1.23	0.49	2CXO J123451.9+115720	5092.9	1	0	         
1140	0.74	0.09	2CXO J082655.7+430449	9901.8	1	0	         
1141	1.57	0	2CXO J105646.4-033905	89173.1	1	0	         
1142	0.26	0.42	2CXO J183553.6+592330	26959.6	1	0	         
1143	0.53	0.59	2CXO J001438.3-010751	29822.9	1	0	         
1144	0.56	0.06	2CXO J095849.0+013219	98280.8	2	0	         
1145	0.99	0.01	2CXO J125535.0+565239	38187.2	1	0	         
1146	1.3	0	2CXO J205604.2-043149	44346.5	1	0	         
1147	1	0.09	2CXO J053958.7-283707	29793.8	1	0	         
1148	1.22	0	2CXO J215345.5+174147	104887.5	2	0	         
1149	0.5	0.24	2CXO J144838.0+042811	8927.7	1	0	         
1150	0.55	0.07	2CXO J095754.7+023832	195911.5	4	0	         
1151	0.31	0.71	2CXO J105108.3+573345	9396.3	2	1	124531.5
1152	1.12	0.14	2CXO J023009.4+002434	8462.1	1	0	         
1153	1.19	0.03	2CXO J135415.7+161051	11919.8	1	0	         
1154	0.46	0.12	2CXO J100232.1+023537	161860.6	7	0	         
1155	0.54	0.33	2CXO J003359.2-432640	36610.8	1	0	         
1156	0.61	0.06	2CXO J100240.9+023448	161860.6	7	0	         
1157	1.34	0	2CXO J043657.5+294155	46782.2	1	0	         
1158	0.73	0.02	2CXO J120550.2+020131	2085.3	1	0	         
1159	0.99	0	2CXO J110621.9+035747	10031.3	1	0	         
1160	0.49	0.18	2CXO J142507.3+323137	10102.2	2	0	         
1161	0.6	0.04	2CXO J105252.7+572859	101634.1	3	1	124531.5
1162	1.25	0.03	2CXO J100114.3+022759	182511	6	0	         
1163	1.03	0	2CXO J033137.8-273724	418202.9	6	0	         
1164	1.2	0	2CXO J145049.9+000143	25741.2	1	0	         
1165	0.45	0.24	2CXO J100219.4+025049	99369.3	2	0	         
1166	0.57	0.37	2CXO J013302.2-102130	10004.5	1	0	         
1167	0.75	0.27	2CXO J105318.9+571850	4698.1	1	1	124531.5
1168	0.83	0.47	2CXO J144856.7+001510	2148.4	1	0	         
1169	0.74	0.51	2CXO J124516.0-001859	4935.1	1	0	         
1170	0.77	0.01	2CXO J123757.9+223430	4894	1	0	         
1171	1.33	0.29	2CXO J145442.1+182936	38298.3	1	0	         
1172	0.71	0.34	2CXO J152335.5+543127	8438.1	1	0	         
1173	0.69	0.27	2CXO J100621.4+320749	10888.7	1	0	         
1174	0.43	0.16	2CXO J172739.0+530229	2855.1	1	0	         
1175	0.67	0.06	2CXO J030054.5-003403	49543.8	1	0	         
1176	0.65	0.03	2CXO J062603.0+820225	47328.9	1	0	         
1177	0.46	0.17	2CXO J122048.2+751807	29778.1	1	0	         
1178	0.84	0.09	2CXO J142437.9+453453	55479	3	0	         
1179	1.37	0	2CXO J081739.5-073308	39107.5	3	0	         
1180	0.93	0	2CXO J010026.1-334107	169186.7	21	0	         
1181	0.6	0.66	2CXO J100140.1+683734	         	0	1	9779.6
1182	1.12	0	2CXO J033741.9-045704	59739.4	1	0	         
1183	0.56	0.06	2CXO J205822.1-065004	1823.3	1	0	         
1184	0.51	0.11	2CXO J031115.2-172247	6059.9	1	0	         
1185	0.6	0.04	2CXO J143201.7+343526	92064.5	4	0	         
1186	0.63	0.03	2CXO J033243.2-274914	5820114.4	83	0	         
1187	1.07	0	2CXO J111703.5+174122	18796.1	1	0	         
1188	1.17	0.02	2CXO J100248.9+022211	158905.5	4	0	         
1189	0.7	0.82	2CXO J095713.7+361102	4900.2	1	0	         
1190	0.52	0.08	2CXO J034846.9+335315	7688.5	1	0	         
1191	0.77	0.01	2CXO J083803.6+540641	8961.3	1	0	         
1192	1.2	0.16	2CXO J232538.4+000847	17674.7	2	0	         
1193	0.95	0.03	2CXO J122740.8+440604	74326.7	2	0	         
1194	1.08	0	2CXO J090516.6+340921	9778.6	1	0	         
1195	1.12	0.07	2CXO J133825.7+292957	37644.6	1	0	         
1196	0.68	0.02	2CXO J100139.8+023132	228572.9	7	0	         
1197	0.22	0.46	2CXO J043030.9+645205	102827.3	2	0	         
1198	0.81	0.03	2CXO J094645.5+545232	16019.6	1	0	         
1199	1.35	0	2CXO J100201.1+023151	194743.5	8	0	         
1200	1.02	0	2CXO J100157.7+023804	244175.8	9	0	         
1201	0.76	0.01	2CXO J100433.8+411234	201286.3	9	0	         
1202	0.56	0.06	2CXO J142942.6+335655	46224.1	5	0	         
1203	1.27	0	2CXO J095810.8+014004	96895.3	2	0	         
1204	0.69	0.03	2CXO J085441.7+305754	10350.9	1	0	         
1205	0.5	0.16	2CXO J125751.0+273231	43444.8	1	0	         
1206	0.93	0.01	2CXO J095910.6+020423	240670.8	5	0	         
1207	0.74	0.01	2CXO J080757.5+043234	19211	1	0	         
1208	0.86	0.01	2CXO J125558.7+291459	4128.5	1	0	         
1209	1.33	0	2CXO J010701.4-172745	59341.3	1	0	         
1210	0.65	0.49	2CXO J143142.0+354218	4714.7	1	0	         
1211	1.17	0	2CXO J095856.1+024127	191280.4	5	0	         
1212	0.57	0.06	2CXO J104712.5+591825	65393.5	1	0	         
1213	0.62	0.05	2CXO J061756.9+781607	28102.8	3	0	         
1214	0.79	0.01	2CXO J024105.8-081153	59199.1	1	0	         
1215	1.22	0	2CXO J100028.2+013507	148498	3	0	         
1216	1.53	0	2CXO J100014.1+021311	242122.2	7	1	79298.9
1217	0.69	0.06	2CXO J123005.8+030204	3516.5	1	0	         
1218	0.39	0.2	2CXO J104351.2+585544	67076.3	1	0	         
1219	0.64	0.23	2CXO J121016.6+391816	         	0	1	49672.7
1220	0.56	0.05	2CXO J124822.9+082914	29724.2	1	0	         
1221	0.72	0.18	2CXO J103922.6+643417	9911.5	1	0	         
1222	0.53	0.71	2CXO J133134.3+623800	5400	1	0	         
1223	0.81	0.49	2CXO J133035.4-002814	14872	1	0	         
1224	0.97	0	2CXO J100011.1+020629	147146.2	3	1	79298.9
1225	0.74	0.16	2CXO J120907.3+135630	5285.3	1	0	         
1226	0.42	0.4	2CXO J152135.1+074835	57314.3	1	0	         
1227	0.54	0.3	2CXO J005018.8-005438	13009	1	0	         
1228	1.27	0.01	2CXO J143559.1+334640	14540.1	3	0	         
1229	1.23	0.01	2CXO J232747.8+001526	17677.7	2	0	         
1230	0.9	0	2CXO J131055.0+300411	4968.4	1	0	         
1231	1.17	0	2CXO J080731.7+211753	39425.5	2	0	         
1232	0.79	0.01	2CXO J213426.3-422958	2883	1	0	         
1233	0.48	0.1	2CXO J022849.5-090154	1822.2	1	0	         
1234	1.11	0	2CXO J125140.3+000210	4041	1	0	         
1235	0.69	0.02	2CXO J142943.6+385932	1523.5	1	0	         
1236	0.8	0.01	2CXO J100156.4+014811	243986.4	5	0	         
1237	0.63	0.04	2CXO J100030.7+014711	297801.9	6	0	         
1238	1.38	0.01	2CXO J101741.9+035150	9946.4	1	0	         
1239	0.93	0	2CXO J095504.5+170556	3930.4	1	0	         
1240	0.57	0.08	2CXO J134105.1+395945	46993.9	1	0	         
1241	1.11	0	2CXO J091041.9+542128	171046.6	2	0	         
1242	1.01	0	2CXO J232428.4+144323	4982.5	1	0	         
1243	1.52	0	2CXO J100153.2+022436	187173.6	7	0	         
1244	1.12	0	2CXO J033130.6-275832	1012707.6	13	0	         
1245	0.57	0.05	2CXO J162303.1+375520	5302.7	1	0	         
1245	1.02	0.44	CXO J162303.0+375520X	5302.7	1	0	         
1246	1.35	0.31	2CXO J023105.3+002131	8465	1	0	         
1247	0.5	0.36	2CXO J095933.8+014906	248238.5	5	0	         
1248	0.87	0	2CXO J043139.1-052556	3904	1	0	         
1249	0.61	0.49	2CXO J022545.5-043444	29738.3	1	0	         
1250	0.55	0.62	2CXO J150440.4+010734	9825.9	1	0	         
1251	1.06	0	2CXO J170942.5+342316	9921.9	1	0	         
1252	0.8	0.01	2CXO J100111.9+023024	211315.9	7	0	         
1253	0.89	0	2CXO J094209.1+520714	5570.2	1	0	         
1254	0.64	0.04	2CXO J213520.5-010318	26675.6	1	0	         
1255	1.19	0	2CXO J150706.3-122515	2734.8	1	0	         
1256	0.7	0.09	2CXO J232556.9-000500	8835.8	1	0	         
1257	0.93	0.36	2CXO J003258.7-433037	29575.9	1	0	         
1258	0.92	0.01	2CXO J162845.6+442413	9946.4	1	0	         
1259	0.65	0.28	2CXO J104839.1+590050	71136.2	1	0	         
1260	1.45	0	2CXO J095942.0+024103	258835.7	10	0	         
1261	1.33	0	2CXO J022525.6-043509	29738.3	1	0	         
1262	0.58	0.05	2CXO J125302.4-091311	127850.4	3	0	         
1263	1.04	0	2CXO J160550.9+440540	5115.5	1	0	         
1264	1.05	0	2CXO J043704.3+294013	46782.2	1	0	         
1265	1.48	0	2CXO J134412.8-003005	9629.9	1	0	         
1266	1.31	0.04	2CXO J115931.1+291915	60469.9	1	0	         
1267	0.64	0.15	2CXO J104322.7+585955	67076.3	1	0	         
1268	1.06	0	2CXO J233901.2+362108	10102.2	1	0	         
1269	0.86	0.59	2CXO J134039.0+004956	19914.2	1	0	         
1270	0.61	0.05	2CXO J125301.9-091134	127850.4	3	0	         
1271	0.78	0.01	2CXO J111350.9+401721	9630.1	1	0	         
1272	0.72	0.1	2CXO J033156.8-280149	794238	8	0	         
1273	0.54	0.06	2CXO J094525.9+352103	9507.2	1	0	         
1274	1.43	0.55	2CXO J014251.2-004612	19803.7	1	0	         
1275	0.95	0	2CXO J095209.5+214313	43454.3	3	0	         
1276	1.24	0	2CXO J235653.8-010731	37184.9	2	0	         
1277	0.67	0.19	2CXO J022842.0+004536	17722.9	2	0	         
1278	0.68	0.02	2CXO J222221.1+195947	6098.8	2	0	         
1279	0.96	0	2CXO J025134.5+431515	28353	1	0	         
1280	0.68	0.02	2CXO J085116.3+520816	29446.4	1	0	         
1281	0.95	0.18	2CXO J034252.3+005252	7930.2	1	0	         
1282	0.65	0.56	2CXO J004455.7+144638	11398.1	1	0	         
1283	0.67	0.02	2CXO J145215.6+430448	55268.7	3	0	         
1284	0.56	0.54	2CXO J124748.5+042627	4694	1	0	         
1285	0.76	0.01	2CXO J153947.6+431341	14770.6	1	0	         
1286	0.92	0.01	2CXO J100135.4+025405	49432.2	1	0	         
1287	0.41	0.17	2CXO J015716.9-005304	9616	1	0	         
1288	0.51	0.66	2CXO J124243.8+033204	5303.3	2	0	         
1289	0.65	0.4	2CXO J104650.4+591037	136539	2	0	         
1290	0.53	0.65	2CXO J103100.2+284152	8230.4	1	0	         
1291	0.82	0.02	2CXO J123757.3+621627	1797266	17	0	         
1292	1.19	0	2CXO J152436.0+212308	1557.3	1	0	         
1293	0.83	0.21	2CXO J145843.1+025157	11505.5	1	0	         
1294	0.9	0	2CXO J112506.9-001647	5112	1	0	         
1295	0.58	0.05	2CXO J213315.5-425426	2888.8	1	0	         
1296	0.74	0.02	2CXO J084849.6+111729	19803.4	1	0	         
1297	1.49	0	2CXO J144709.5+114715	1021.9	1	0	         
1298	0.69	0.04	2CXO J080849.4+521515	4893	1	0	         
1299	1.07	0.14	2CXO J090940.6+330347	17898.5	1	0	         
1300	0.65	0.03	2CXO J082033.8+212426	29576.2	1	0	         
1301	1.21	0	2CXO J100634.2+315900	10888.7	1	0	         
1302	0.79	0.01	2CXO J111431.8+405613	1285.9	1	0	         
1303	0.78	0.41	2CXO J024604.6-082100	49514.8	1	0	         
1304	0.74	0.01	2CXO J123138.1+475052	6669.5	1	0	         
1305	0.92	0.02	2CXO J100115.5+023743	260220.9	9	0	         
1306	0.51	0.1	2CXO J141730.9+073320	2482.1	1	0	         
1307	1.08	0	2CXO J090036.1+204830	49686.1	2	0	         
1308	1.61	0	2CXO J123540.1+123620	206464.7	5	0	         
1309	0.46	0.11	2CXO J022412.3+275011	11892.3	1	0	         
1310	0.99	0.71	2CXO J120426.4+014434	29961.6	1	0	         
1311	1.16	0	2CXO J095944.1+025037	149338.7	4	0	         
1312	0.48	0.24	2CXO J212950.0+001158	29642.1	1	0	         
1313	0.68	0.02	2CXO J215340.8+174415	104887.5	2	0	         
1314	0.72	0.02	2CXO J111850.4+402553	19701.4	1	0	         
1315	0.66	0.05	2CXO J001837.3+163446	67416.1	1	0	         
1316	1.18	0	2CXO J134213.2+602142	11919.8	1	0	         
1317	0.9	0.01	2CXO J105302.4+573756	100709.5	3	1	124531.5
1318	0.65	0.05	2CXO J085436.4+022023	8344.2	1	0	         
1319	0.3	0.42	2CXO J033207.1-275129	5820805.9	83	0	         
1320	0.84	0.01	2CXO J003529.3-433611	39752.6	2	0	         
1321	0.73	0.02	2CXO J084923.2+445250	186600.6	2	0	         
1322	0.7	0.03	2CXO J183114.8+290710	5289.5	1	0	         
1323	1	0	2CXO J022800.6+002711	58264.8	2	0	         
1324	0.68	0.05	2CXO J021102.7-000910	4887	1	0	         
1325	0.59	0.79	2CXO J124914.6-060909	5476.9	1	0	         
1326	1.63	0	2CXO J232634.6+002150	8838.9	1	0	         
1327	0.61	0.04	2CXO J100352.8+473653	13683.5	1	0	         
1328	0.75	0.02	2CXO J095014.0+580136	3904.3	1	0	         
1329	1.08	0	2CXO J053910.7-283526	14776.9	1	0	         
1330	0.96	0.16	2CXO J104514.3+584925	65610.7	1	0	         
1331	0.65	0.03	2CXO J150140.9+421834	13032.5	1	0	         
1332	0.74	0.07	2CXO J133342.3+380336	29797	1	0	         
1333	1.21	0.36	2CXO J003338.9-434412	29569.5	1	0	         
1334	1.03	0	2CXO J142435.9+421030	5881.8	1	0	         
1335	1.53	0	2CXO J103249.8+054118	1537.7	1	0	         
1336	0.53	0.19	2CXO J131059.0+300106	4968.4	1	0	         
1337	0.7	0.51	2CXO J084601.1+522557	6875	1	0	         
1338	0.62	0.51	2CXO J171313.2+635608	39427.1	1	0	         
1339	0.83	0.01	2CXO J130133.7+365626	39540.9	1	0	         
1340	0.66	0.34	2CXO J011246.2-011307	5879.8	1	0	         
1341	1.15	0.3	2CXO J111330.7+092536	1601.9	1	0	         
1342	0.72	0.01	2CXO J121838.9-010134	10627.9	1	0	         
1343	0.34	0.74	2CXO J105305.1+520405	20491.1	1	0	         
1344	0.92	0	2CXO J095438.7+403204	1844.4	1	0	         
1345	0.58	0.83	2CXO J123320.9+110701	10176.6	2	0	         
1346	0.9	0.38	2CXO J142455.6+351356	19558.5	2	0	         
1347	0.61	0.49	2CXO J142351.8+421334	5881.6	1	0	         
1348	1.07	0.14	2CXO J022629.5-044913	74937.6	1	0	         
1349	0.72	0.01	2CXO J123642.2+621711	1797269.2	17	0	         
1350	1.07	0	2CXO J100147.2+024728	198257.2	4	0	         
1351	0.58	0.48	2CXO J155551.6+351404	59189	1	0	         
1352	0.79	0.04	2CXO J161109.5+535807	9764.6	2	0	         
1353	1.16	0	2CXO J162343.7+263244	30062.4	1	0	         
1354	0.85	0.01	2CXO J023137.6-072854	4198.9	1	0	         
1355	0.72	0.01	2CXO J100028.6+025112	99149.1	3	0	         
1356	0.02	0.96	2CXO J123529.3+621257	731422.5	8	0	         
1357	1.18	0.11	2CXO J024610.8-082320	49517.9	1	0	         
1358	0.88	0.17	2CXO J032159.9-370508	29850.8	1	0	         
1359	1.32	0	2CXO J144958.5+085911	59145.5	2	0	         
1360	0.7	0.02	2CXO J033229.8-275106	5826085.2	84	0	         
1361	0.7	0.04	2CXO J155927.6+533054	9508.4	1	0	         
1362	0.81	0.01	2CXO J081550.2+250641	1844.4	1	0	         
1363	0.59	0.05	2CXO J125310.4-091023	127850.4	3	0	         
1364	0.55	0.06	2CXO J222741.5-303809	22266.8	1	0	         
1365	0.54	0.08	2CXO J214001.4-234113	91607.6	2	0	         
1366	1.43	0	2CXO J122752.5+080526	5507	1	0	         
1367	0.54	0.3	2CXO J120719.2+640840	71697.9	2	0	         
1368	0.82	0.01	2CXO J004341.2+005253	4603.4	1	0	         
1369	0.87	0.39	2CXO J163950.3+463326	54517.2	2	0	         
1370	1.04	0	2CXO J141105.4+294211	4090	1	0	         
1371	1.13	0.04	2CXO J114007.0-011218	14868.1	1	0	         
1372	0.72	0.03	2CXO J131058.1+010822	5446.9	1	0	         
1373	1.45	0.2	2CXO J000026.2+134604	9516.4	1	0	         
1374	0.78	0.02	2CXO J103925.0+050547	13592.2	1	0	         
1375	0.72	0.01	2CXO J232207.1+194423	18493.4	2	0	         
1376	0.43	0.55	2CXO J033334.1-273424	240076.6	2	0	         
1377	0.97	0	2CXO J091057.0+542342	171046.6	2	0	         
1378	1.14	0	2CXO J095934.7+021027	191911.8	4	0	         
1379	0.76	0.12	2CXO J100112.0+024233	190071	7	0	         
1380	0.38	0.6	2CXO J114508.9+441657	6868.4	1	0	         
1381	0.74	0.03	2CXO J005449.0-722544	152532.6	4	1	1151.9
1382	0.74	0.02	2CXO J030114.1+445350	7443.8	1	0	         
1383	1.07	0.2	2CXO J172117.4+323630	9922.7	1	0	         
1384	0.73	0.02	2CXO J095922.1+013618	149310.2	3	0	         
1385	1.06	0	2CXO J095917.4+020522	240801.5	5	0	         
1386	0.36	0.22	2CXO J152553.9+513649	4925	1	0	         
1387	0.88	0.27	2CXO J113645.8+070647	4996.2	1	0	         
1388	0.74	0.04	2CXO J224729.8+034558	48968.8	1	0	         
1389	1.03	0	2CXO J091028.9+542718	171049.5	2	0	         
1390	1.3	0.36	2CXO J083116.5+321329	9954.1	1	0	         
1391	0.77	0.01	2CXO J134949.8+263347	107576.7	8	0	         
1392	0.71	0.02	2CXO J143132.1+341417	18949.5	3	0	         
1393	0.56	0.37	2CXO J125320.1+270607	59284.4	1	0	         
1394	0.76	0.04	2CXO J004613.5+010425	11095.9	1	0	         
1395	0.85	0	2CXO J022651.0-044256	74956.4	1	0	         
1396	1.22	0	2CXO J131927.5+445656	1538.9	1	0	         
1397	0.81	0.42	2CXO J075627.7+445836	6965.3	1	0	         
1398	1.5	0.07	2CXO J124958.9+302849	34703.7	1	0	         
1399	0.64	0.11	2CXO J003328.7-433138	29575.9	1	0	         
1400	0.84	0	2CXO J231821.8-042456	14988.6	1	0	         
1401	0.64	0.05	2CXO J115301.6+215117	1467.5	1	0	         
1402	0.67	0.04	2CXO J131730.8+291056	111355.7	1	0	         
1403	0.53	0.1	2CXO J232546.5+001749	8841.9	1	0	         
1404	1.27	0	2CXO J025642.5-331521	1034.8	1	0	         
1405	0.46	0.28	2CXO J003417.9-433924	33663.6	2	0	         
1406	0.79	0.01	2CXO J132117.8+423515	39623.5	1	0	         
1407	0.52	0.1	2CXO J123539.1+621600	1243226	12	0	         
1408	0.72	0.01	2CXO J140251.2+263117	1728.9	1	0	         
1409	0.74	0.02	2CXO J090450.5-014524	7515.3	1	0	         
1410	1.17	0	2CXO J234807.1-091202	1844.7	1	0	         
1411	1.28	0	2CXO J002227.4+012412	4799	1	0	         
1412	0.31	0.3	2CXO J175422.1+673736	6482.1	1	0	         
1413	0.9	0.01	2CXO J030441.6-272523	29575.2	1	0	         
1414	0.71	0.13	2CXO J143102.9+323927	9909.7	2	0	         
1415	1.07	0.23	2CXO J135641.5+415310	4900.4	1	0	         
1416	0.99	0	2CXO J215333.7+174115	104887.5	2	0	         
1417	0.84	0.01	2CXO J100120.2+020341	191581.7	7	1	79298.9
1418	0.57	0.1	2CXO J103241.4+574807	38535	1	0	         
1419	1	0.3	2CXO J093033.5+481032	         	0	1	4101.1
1420	0.42	0.84	2CXO J150707.4+614119	13263.5	1	0	         
1421	0.74	0.03	2CXO J164656.3+551446	4843.5	1	0	         
1422	1.02	0	2CXO J121518.2+014750	1951.4	1	0	         
1423	1.01	0.2	2CXO J153133.9-083608	25383.2	1	0	         
1424	1.59	0	2CXO J154749.6+205056	7932.8	1	0	         
1425	0.98	0	2CXO J172026.4+263815	51760.3	3	0	         
1426	0.55	0.07	2CXO J100249.3+023746	146429.9	4	0	         
1427	0.66	0.3	2CXO J170431.4+603838	50918.3	1	0	         
1428	0.78	0.38	2CXO J134133.1+353252	1731.4	1	0	         
1429	0.97	0	2CXO J080342.0+302254	4012.5	1	0	         
1430	1.07	0	2CXO J224749.5+134248	3323.8	1	0	         
1431	0.95	0	2CXO J140016.6-010822	2987.9	1	0	         
1432	0.91	0.13	2CXO J003316.3-433131	29575.9	1	0	         
1433	0.8	0.01	2CXO J111957.5+570026	4710.3	1	0	         
1434	0.79	0.01	2CXO J141123.4+521331	90948.2	1	0	         
1435	0.77	0.02	2CXO J205605.5-044058	88857.9	2	0	         
1436	0.75	0.01	2CXO J152919.8+592911	3748.1	1	0	         
1437	0.66	0.65	2CXO J085232.5+331724	40256.5	2	0	         
1438	0.66	0.02	2CXO J134443.7+550300	3817.2	1	0	         
1439	0.68	0.09	2CXO J123424.9+475456	4758.2	1	0	         
1440	0.77	0.61	2CXO J073749.7-094432	49521.7	1	0	         
1441	0.76	0.13	2CXO J003453.3-431802	31743.3	1	0	         
1442	0.77	0.01	2CXO J171758.4+671202	51723.8	1	0	         
1443	0.77	0.01	2CXO J093359.3+551550	31911.5	1	0	         
1444	0.79	0.01	2CXO J123723.1+621538	1797238.1	17	0	         
1445	1.61	0	2CXO J095836.6+022048	280753.6	6	0	         
1446	0.66	0.51	2CXO J105125.4+573050	96936	2	1	124531.5
1447	0.78	0.06	2CXO J095808.2+015423	148754.1	3	0	         
1448	0.76	0.03	2CXO J223045.0-000538	7715.5	1	0	         
1449	1.06	0	2CXO J103318.9+575127	148532.5	3	0	         
1450	0.87	0.02	2CXO J170421.9+514403	32235.2	1	0	         
1451	0.85	0.01	2CXO J171414.7+501530	37644	1	0	         
1452	1.09	0.02	2CXO J095928.3+022105	190045.8	5	0	         
1453	0.78	0.02	2CXO J104230.1+010223	1634.4	1	0	         
1454	0.82	0.01	2CXO J000552.3-000655	16177.4	1	0	         
1455	0.86	0.13	2CXO J133515.2+375838	54945.8	2	0	         
1456	0.79	0.01	2CXO J033218.3-275055	5580092.1	81	0	         
1457	0.66	0.04	2CXO J141104.1+521755	90948.2	1	0	         
1458	0.8	0.5	2CXO J091748.4+592656	4904.3	1	0	         
1459	0.57	0.06	2CXO J032738.9-532604	26567.9	2	0	         
1460	0.61	0.1	2CXO J104739.2+591141	136539	2	0	         
1461	0.88	0.01	2CXO J095849.5+021640	231820.6	5	0	         
1462	0.59	0.31	2CXO J144824.6+183101	19807.2	1	0	         
1463	0.45	0.69	2CXO J142015.6+523717	174242.9	6	0	         
1464	0.86	0	2CXO J120006.3+312630	1467.9	1	0	         
1465	0.98	0.05	2CXO J084207.5+322645	81963.7	2	0	         
1466	1.11	0	2CXO J100424.8+122922	17665.9	1	0	         
1467	0.83	0	2CXO J221736.5+001622	469946.8	5	0	         
1468	0.57	0.86	2CXO J123633.2+192618	3465.9	1	0	         
1469	0.79	0.03	2CXO J103233.5+573720	117739.9	3	0	         
1470	0.71	0.07	2CXO J153954.1+342110	31199.3	2	0	         
1471	1.06	0	2CXO J023455.1-180608	23740.3	2	0	         
1472	0.73	0.75	2CXO J225228.2-174916	14966.4	1	0	         
1473	0.9	0.02	2CXO J105225.2+572246	9398.5	2	1	124531.5
1474	0.67	0.08	2CXO J102924.3+262455	55771.6	1	0	         
1475	1.05	0.01	2CXO J081303.8+254210	4894	1	0	         
1476	0.86	0.02	2CXO J034142.4-351408	51028.6	1	0	         
1477	1.51	0.02	2CXO J125844.3+120224	9221.3	1	0	         
1478	0.58	0.05	2CXO J225338.6+295712	7017.2	1	0	         
1479	0.65	0.03	2CXO J012657.2+330730	11892.3	1	0	         
1480	1.4	0	2CXO J135025.6+350141	14967.1	1	0	         
1481	0.68	0.1	2CXO J104626.4+585215	69257.5	1	0	         
1482	0.3	0.35	2CXO J004651.8-204328	4988.4	1	0	         
1483	0.86	0.01	2CXO J100120.2+023341	182511	6	0	         
1484	0.66	0.2	2CXO J143244.2+350100	13916.8	3	0	         
1485	1.04	0.62	2CXO J102257.7+022542	1608.2	1	0	         
1486	1.61	0.01	2CXO J155705.4+055327	12186.1	1	0	         
1487	0.69	0.03	2CXO J115046.4+654428	7848.1	1	0	         
1488	0.64	0.6	2CXO J162115.2-003140	1567	1	0	         
1489	0.62	0.13	2CXO J133739.2+292713	37647.7	1	0	         
1490	0.8	0.03	2CXO J120436.6+015025	29961.6	1	0	         
1491	1.39	0	2CXO J081011.7+345857	7851.3	1	0	         
1492	1.15	0	2CXO J095839.2+020506	194119.4	4	0	         
1493	1.08	0.38	2CXO J085027.0+520203	29440	1	0	         
1494	0.74	0.02	2CXO J201918.2+112714	14315.6	2	0	         
1495	0.78	0.05	2CXO J031645.5-000553	10899.3	1	0	         
1496	1.02	0	2CXO J090934.4+110549	34459.7	2	0	         
1497	1.73	0	2CXO J022430.5-000038	101391.2	2	0	         
1498	0.71	0.02	2CXO J105851.4+410644	7992.1	1	0	         
1499	1.07	0	2CXO J211452.5+060742	56868	1	0	         
1500	0.56	0.07	2CXO J100218.3+021053	292458.3	7	0	         
